Airbrush	M136.4,381.72c0.09-1.51-0.54-1.98-1.74-2.85c-0.33-0.24-1.6-1.38-1.6-1.38s-0.36-1.61-1.35-2.6 c-0.1-0.1-0.98-0.18-1.04-0.24c-0.42,0-0.8,0-1.08,0c-0.75,0.6-2.33,0.2-2.33,0.2s-2.02-0.21-2.3-0.21 c-0.14,0.14-0.27,0.27-0.38,0.38c0,0.35,0,0.66,0,0.94c0.35,0.35,0.65,0.65,1,1c0.18,0,1.41-0.51,1.41-0.51l-0.17,1.54 c0,0-1.07,0.6-1.22,0.6c-1.43,1.39-1.66,2.82-1.66,2.82l-1.97,1.93c0,0-0.26,18.46-0.26,22.77c0.56,0.57,1.05,1.08,1.53,1.58 c4.59,0,9.15,0,13.71,0c0.51-0.51,1.02-1.01,1.54-1.54c0-7.76,0-14.34,0-22.21C138.23,383.65,136.57,381.99,136.4,381.72z  M126.54,379.24c2.64,0.11,4.08,0.11,6.75,0c0,0.03-0.2,1.2-0.19,1.18c-0.37,0.26-0.7,0.48-1.09,0.75c-1.19,0.2-2.44,0.44-4.16,0 c-0.44-0.45-0.87-0.88-1.31-1.33C126.54,379.68,126.54,379.49,126.54,379.24z M135.46,405.53h-11.61l-0.09-21.23l1.74-1.48 l4.61,0.36l4.69-0.36l1.53,2.18c0,0-4.83,1.01-6.05,1.01c-0.54,0.54-0.94,0.94-1.45,1.45c0,3.68,0,7.56,0,11.4 c0.54,0.54,1.08,1.08,1.7,1.7c1.12-0.15,5.94-0.29,5.94-0.29l-0.19,3.95L135.46,405.53z M135.04,395.58 c-0.3,0.45-0.79,0.53-1.3,0.53c-0.49,0-0.99-0.05-1.47-0.14c-0.43-0.08-0.9-0.18-1.22-0.5c-0.25-0.25-0.35-0.61-0.32-0.95 c-0.06-0.09-0.11-0.2-0.11-0.32c-0.01-0.31,0.28-0.61,0.59-0.59c0.01,0,0.02,0,0.04,0c0.13-0.12,0.28-0.23,0.45-0.3 c0.44-0.18,0.92-0.14,1.38-0.08c0.06,0.01,0.11,0.02,0.17,0.03c0.15-0.29,0.48-0.43,0.81-0.25c0.03,0.01,0.05,0.04,0.07,0.05 c0.16-0.17,0.38-0.29,0.66-0.31c0.35-0.03,0.56,0.29,0.59,0.59c0.04,0.35-0.11,0.64-0.34,0.86 C135.2,394.64,135.32,395.16,135.04,395.58z M135.16,397.42c0.01,0.32-0.28,0.59-0.59,0.59c-0.49,0-0.98,0.03-1.46,0.08 c-0.07,0.01-0.13,0.02-0.2,0.02c-0.02,0-0.02,0-0.03,0c-0.01,0-0.01,0-0.04,0.01c-0.11,0.02-0.23,0.03-0.34,0.05 c-0.25,0.04-0.49,0.09-0.73,0.15c-0.33,0.07-0.63-0.1-0.73-0.42c-0.1-0.3,0.11-0.66,0.42-0.73c1.02-0.23,2.08-0.36,3.13-0.36 C134.9,396.82,135.14,397.1,135.16,397.42z M130.88,389.06c-0.01-0.31,0.28-0.61,0.59-0.59c0.92,0.04,1.68-0.04,2.55-0.27 c0.47-0.12,0.81,0.29,0.73,0.73c-0.03,0.15-0.08,0.28-0.15,0.42c0.25,0.05,0.46,0.19,0.55,0.5c0.1,0.35-0.15,0.7-0.48,0.8 c-0.2,0.06-0.43-0.01-0.59-0.14c-0.13,0.01-0.27,0.01-0.4,0.02c-0.21,0.01-0.42,0.02-0.63,0.03c-0.61,0.16-1.25,0.14-1.88,0.09 c-0.33-0.03-0.58-0.25-0.59-0.59c-0.01-0.29,0.21-0.5,0.48-0.57C130.96,389.37,130.89,389.23,130.88,389.06z M123.07,374.75c-0.77,0-0.77,1.19,0,1.19 C123.83,375.94,123.83,374.75,123.07,374.75z M122.09,372.52c-0.77,0-0.77,1.19,0,1.19 C122.85,373.71,122.85,372.52,122.09,372.52z M120.88,376.33c-0.77,0-0.77,1.19,0,1.19 C121.65,377.52,121.65,376.33,120.88,376.33z M120.54,374.06c-0.77,0-0.77,1.19,0,1.19 C121.31,375.25,121.31,374.06,120.54,374.06z M120.77,370.43c-0.77,0-0.77,1.19,0,1.19 C121.54,371.62,121.54,370.43,120.77,370.43z M119.38,372.15c-0.77,0-0.77,1.19,0,1.19 C120.14,373.34,120.14,372.15,119.38,372.15z M118.49,374.54c-0.77,0-0.77,1.19,0,1.19 C119.26,375.73,119.26,374.54,118.49,374.54z M118.57,377.21c-0.77,0-0.77,1.19,0,1.19 C119.33,378.39,119.33,377.21,118.57,377.21z M118.82,369.07c-0.77,0-0.77,1.19,0,1.19 C119.59,370.26,119.59,369.07,118.82,369.07z M117.48,370.95c-0.77,0-0.77,1.19,0,1.19 C118.25,372.13,118.25,370.95,117.48,370.95z M116.57,373.17c-0.77,0-0.77,1.19,0,1.19 C117.34,374.36,117.34,373.17,116.57,373.17z M116.23,375.65c-0.77,0-0.77,1.19,0,1.19 C117,376.84,117,375.65,116.23,375.65z M116.35,378.16c-0.77,0-0.77,1.19,0,1.19 C117.12,379.35,117.12,378.16,116.35,378.16z
Arrow-fill	M78.34,133.46l-4.44-8.27l4.16-2.7c0.37-0.24,0.62-0.63,0.67-1.07c0.06-0.44-0.08-0.88-0.38-1.2l-11.05-11.2 c-0.29-0.32-0.69-0.49-1.11-0.49c-0.19,0-0.37,0.03-0.55,0.11c-0.58,0.23-0.96,0.79-0.95,1.42l0.03,17.78 c0.01,0.55,0.31,1.04,0.79,1.3c0.22,0.12,0.46,0.18,0.71,0.18c0.28,0,1-0.01,1.25-0.17l3.47-2.39l4.27,8.28 c0.31,0.61,0.93,0.97,1.57,0.97c0.26,0,0.53-0.06,0.78-0.18C78.42,135.37,78.78,134.32,78.34,133.46z
Arrow-line	M143.51,121.1c0.41,0,0.82,0.17,1.11,0.49l11.05,11.2c0.3,0.33,0.44,0.77,0.38,1.2 c-0.06,0.44-0.3,0.83-0.67,1.07l-4.16,2.7l4.44,8.27c0.43,0.86,0.08,1.92-0.79,2.35c-0.25,0.12-0.52,0.18-0.78,0.18 c-0.64,0-1.26-0.36-1.57-0.97l-4.27-8.28l-3.47,2.39c-0.25,0.16-0.96,0.17-1.25,0.17c-0.24,0-0.49-0.06-0.71-0.18 c-0.48-0.26-0.78-0.76-0.79-1.3l-0.03-17.78c-0.01-0.62,0.37-1.19,0.95-1.42C143.14,121.14,143.32,121.1,143.51,121.1 M143.51,120.35c-0.29,0-0.56,0.05-0.83,0.16c-0.86,0.34-1.43,1.2-1.42,2.12l0.03,17.77c0.01,0.83,0.47,1.58,1.19,1.96 c0.33,0.17,0.69,0.27,1.06,0.27c1.06,0,1.43-0.15,1.65-0.29l2.79-1.92l3.88,7.52c0.42,0.85,1.28,1.38,2.23,1.38 c0.38,0,0.77-0.09,1.11-0.26c1.23-0.62,1.74-2.12,1.12-3.35l-4.13-7.68l3.58-2.33c0.56-0.36,0.92-0.94,1.01-1.6 c0.08-0.66-0.12-1.32-0.57-1.81l-11.07-11.22C144.74,120.62,144.14,120.35,143.51,120.35L143.51,120.35z
Browse	M125.19,233.62l-0.58,13.67c0,0-5.04-3.83-5.34-4.55c-0.26,0-2.39-0.43-3.32,0.4c-1.04,0.92-0.88,3.11-0.88,3.21 c0.31,0.68,3.33,2.87,3.33,2.87l0.8,3.32c0,0,1.11,1.12,1.22,1.39c0.31,0.11,0.17,2.6,1.53,4.89c1.16,1.96,5,4.32,5.04,4.32 c0.72-0.78-1.94-3.7-3.04-5.97c-1.29-2.65-2.31-5.11-3.12-4.41c-0.07-4.8-1.89-4.02-1.89-4.02s-2.18-2.38-1.83-3.25 c1.06-2.62,6.68,3.87,7.31,4.61c0,0.51,0.69,2.29,1.22,2.29c0.53,0,0.56-4.29,0.72-4.44c0-6.18,0.51-14.78,0.51-14.78 s0.85-0.91,1.65-0.99c0.8-0.08,1.54,1.84,1.54,1.84l-0.13,13.34c0,0,1.82-1.34,2.35-2.31c0.59-1.08,1.82-0.49,2.23,1.34 c0,0.3,0.24,2.12,0.79,2.08c0,0,0.1-3.74,2.41-3.34c0.19,0,0.38,0,0.54,0c0.6,1.55,0.35,4.51,0.35,4.51s0.61,0.7,0.85,0.97 c0.16,0,1.24-2.71,1.24-3.02c0.68-3.43,2.56,0.35,2.56,0.35s-0.36,3.9-0.92,6.06c-0.56,2.16-2.31,4.78-2.31,4.78 s-1.03,4.62-0.79,4.89c0.16,0,4.46-5.17,4.89-7.52c0.62-3.36,0.68-7.37,0.68-8.11c0-1.24-2.59-4.93-4.75-3.2 c0,0-0.72-1.2-1.84-1.56c-0.67-0.22-2.39,0.68-2.39,0.68s-1.09-1.54-1.65-1.57c-0.62-0.03-2.51,0.09-2.51,0.09l-0.1-7.53 c0,0-0.3-3.92-2.54-3.92C125.94,231.05,125.19,233.62,125.19,233.62z
Browse-Fill	M53.83,121.15c0,0.31-1.08,3.02-1.24,3.02c-0.24-0.28-0.85-0.97-0.85-0.97s0.26-2.96-0.35-4.51 c-0.16,0-0.35,0-0.54,0c-2.31-0.41-2.41,3.34-2.41,3.34c-0.55,0.03-0.79-1.78-0.79-2.08c-0.41-1.83-1.64-2.42-2.23-1.34 c-0.53,0.97-2.35,2.31-2.35,2.31l0.13-13.34c0,0-0.74-1.92-1.54-1.84s-1.65,0.99-1.65,0.99s-0.51,8.6-0.51,14.78 c-0.16,0.14-0.19,4.44-0.72,4.44s-1.22-1.78-1.22-2.29c-0.63-0.75-6.24-7.23-7.31-4.61c-0.35,0.87,1.83,3.25,1.83,3.25 s1.82-0.78,1.89,4.02c0.82-0.7,1.83,1.76,3.12,4.41c0.85,1.74,2.62,3.87,3.06,5.12l11.94,0.58c0.09,0,0.18,0.04,0.27,0.09 c0.16-1.37,0.78-4.15,0.78-4.15s1.75-2.62,2.31-4.78c0.56-2.16,0.92-6.06,0.92-6.06S54.52,117.72,53.83,121.15z
Brush	M135.25,355.66c-5.79,0-11.59,0-17.44,0c-0.23-0.28-0.48-0.58-0.73-0.89c-0.37-0.64,0.23-1.07,0.56-1.53 c0.27-0.39,2.11-1.19,2.82-2.78c0.71-1.6,0.09-8.9,0.09-8.9s1.7-3.53,1.86-4.09c1.19,0,1.6,0,2.78,0c0.45-0.33,1.55-1.15,2.14-1.43 c-0.29-0.25-0.58-0.86-0.66-1.7c-0.32-3.17-0.26-8.34-0.15-9.66c0.06-0.79,0.89-0.89,1.34-1.34c1.36-0.7,2.47-0.7,3.35,0 c0.49,0.43,1.38,0.77,1.59,1.41c0.22,0.64,0.01,6.66-0.01,10.05c0,0.45-0.16,0.89-0.24,1.32c0.44,0.44,0.86,0.86,1.31,1.3 c1.17,0,2.19,0,2.19,0s2.23,2.44,2.75,2.95c0,4.34,0.67,9.27,0.17,10.7c-0.5,1.42-1.12,2.49-1.7,3.08 C136.71,354.73,135.98,355.13,135.25,355.66z M121.12,352.58c0.55,0,1.76-1.18,2.35-1.18c0-0.32,0.94-0.68,0.94-0.74 c0.56-0.44,0.92-0.99,1.49-0.72c0.32,0.22,0.6,0.41,0.94,0.63c0,0.22-1.02,2.68-1.02,2.68s2.62-2.47,2.62-2.68 c0.24-0.24,0.44-0.44,0.63-0.64c0.32,0,0.64,0,0.93,0c0.3,0.29,0.13,0.5,0.46,0.82c0,0.16-0.91,2.35-0.91,2.35s3.36-2.89,3.57-3.15 c0.38,0,0.7,0,0.86,0c0.32,0.25,0.54,0.42,0.78,0.61c0,0.12-1.27,2.95-1.27,2.95s1.62-0.67,2.19-1.45s0.97-2.09,0.97-2.09v-6.74 h-12.88l-1.02,0.9C122.76,344.1,123.18,350.73,121.12,352.58z M123.63,339.04l-1.44,2.49l1.21,0.18h11.91c0,0,1.95,0.23,1.57-0.47 c-0.38-0.7-1.74-2.12-1.74-2.12L123.63,339.04z
Brush	M7 14c-1.66 0-3 1.34-3 3c0 1.31-1.16 2-2 2c.92 1.22 2.49 2 4 2c2.21 0 4-1.79 4-4c0-1.66-1.34-3-3-3zm14.41-8.66l-2.75-2.75L9 12.25L11.75 15l9.66-9.66z
Bucket	M145.65,449.76c-0.57-5.43,1.38-3.67,1.38-6.32c0-2.65-1.51-6.57-2.12-6.97c-0.74-0.49-1.14-1.23-1.75-1.79 c-0.57-0.52-0.8-1.65-3.74-1.93s-4.65-2.22-4.65-2.3c-0.56-0.63-1.92-2.18-1.92-2.18s-0.26-1.61-0.26-1.75 c-1.89-5.7-6.98-3.88-8.06-2.78c-4.43,4.53-0.31,8.35-0.31,8.35l-9.85,10.19c0,0,0,1.19,0,1.62c0.3,0.44,11.39,11.5,11.39,11.5 h1.47l13.77-13.56c0,0-0.08,1.61,1.17,2.61c-1.27,6.65-0.66,10.34,0,10.95c1.34,0.95,2.1,0.95,1.5-2.29 c-0.59-3.25-0.35-4.91-0.15-5.02c0.38-0.21,0.46,1.74,0.89,2.42c0.55,0.88,1.43,0.55,1.63,0.01 C146.12,450.38,145.53,449.83,145.65,449.76z M131.14,437.9c0.44-0.19,1.31-0.12,0.94,0.73c-0.37,0.85-1.22,0.45-1.37,0.14 C130.56,438.46,130.7,438.09,131.14,437.9z M124.54,426.82c0.45-1.43,2-2.56,3.36-2.35c2.35,0.37,2.13,2.34,2.13,2.34l-4.25,4.15 C125.78,430.96,123.36,430.55,124.54,426.82z M138.38,442.37c0,0.11-11.86,11.13-11.86,11.13l-10.42-10.57l13.02-12.87 c0,0,0.94-1.03,1.2-0.8c0.18,0.16,0.18,7.08,0.18,7.08s-1.15,1.17-1.24,1.43c-0.32,0.92-0.21,1.57,0.1,2.03 c0.57,0.85,1.8,1.04,2.18,1.05c0.69,0.01,2.34-0.5,2.51-2.07s-1.15-2.26-1.32-2.26c-0.03-0.03-0.08-5.8-0.08-5.8l1.15,0.73 l4.36,4.64c0,0,1.46,1.41,2.01,2.28C140.21,438.42,139.09,441.54,138.38,442.37z
Bucket-Fill	M125.11,432.35l4.25-4.15c0,0,0.22-1.98-2.13-2.34c-1.35-0.21-2.9,0.92-3.36,2.35 C122.69,431.94,125.11,432.35,125.11,432.35z M137.5,437.47l-4.36-4.64l-1.15-0.73c0,0,0.06,5.78,0.08,5.8c0.16,0,1.49,0.68,1.32,2.26 s-1.82,2.08-2.51,2.07c-0.63-0.01-3.73-0.55-1.89-3.93c0.22,0,0.86-0.58,0.86-0.58s-0.07-3.67-0.07-5.77 c0.28-1.81-0.4-1.73-1.67-0.44c-0.42,0.42-12.38,12.8-12.38,12.8l10.13,10.28c0,0,11.86-10.73,11.86-10.84 c0.71-0.83,1.83-3.95,1.79-4.01C138.95,438.89,137.5,437.47,137.5,437.47z M144.98,451.15c-0.57-5.43,1.38-3.67,1.38-6.32c0-2.65-1.51-6.57-2.12-6.97c-0.74-0.49-1.14-1.23-1.75-1.79 c-0.57-0.52-1.2-0.97-1.94-1.55c-0.32,0.04-0.85-0.14-1.26,0.12c-0.91-0.7-5.19-2.72-5.19-2.8c-0.56-0.63-1.92-2.18-1.92-2.18 s-0.26-1.61-0.26-1.75c-1.89-5.7-6.98-3.88-8.06-2.78c-4.43,4.53-0.31,8.35-0.31,8.35l-9.85,10.19c0,0,0,1.19,0,1.62 c0.3,0.44,1.92,2.13,1.92,2.14c0.52,0.52,6,5.97,5.99,5.93c0.58,0.57,1.02,1.02,1.51,1.51c0.06,0,1.96,1.92,1.96,1.92h1.47 l13.77-13.56c0,0-0.08,1.61,1.17,2.61c-2.54,13.3,1.19,9.48,1.5,8.65c0.08-0.2-0.35-4.91-0.15-5.02c0.38-0.21,0.46,1.74,0.89,2.42 c0.55,0.88,1.43,0.55,1.63,0.01C145.45,451.77,144.86,451.22,144.98,451.15z M130.47,439.29c0,0,1.59-0.08,0.94,0.73 c-0.65,0.81-1.37,0.14-1.37,0.14L130.47,439.29z M123.87,428.21c0.45-1.43,2-2.56,3.36-2.35c2.35,0.37,2.13,2.34,2.13,2.34 l-4.25,4.15C125.11,432.35,122.69,431.94,123.87,428.21z M137.71,443.76c0,0.11-11.86,10.84-11.86,10.84l-10.13-10.28 c0,0,11.95-12.38,12.38-12.8c1.27-1.29,1.95-1.37,1.67,0.44c0,2.09,0.07,5.77,0.07,5.77s-0.63,0.58-0.86,0.58 c-1.84,3.38,1.26,3.92,1.89,3.93c0.69,0.01,2.34-0.5,2.51-2.07s-1.15-2.26-1.32-2.26c-0.03-0.03-0.08-5.8-0.08-5.8l1.15,0.73 l4.36,4.64c0,0,1.46,1.41,2.01,2.28C139.54,439.81,138.42,442.93,137.71,443.76z M131.41,440.02c0.65-0.81-0.94-0.73-0.94-0.73l-0.43,0.87C130.04,440.16,130.76,440.83,131.41,440.02z
bucket-outline	M145.65,449.76c-0.57-5.43,1.38-3.67,1.38-6.32c0-2.65-1.51-6.57-2.12-6.97c-0.74-0.49-1.14-1.23-1.75-1.79 c-0.57-0.52-0.8-1.65-3.74-1.93s-4.65-2.22-4.65-2.3c-0.56-0.63-1.92-2.18-1.92-2.18s-0.26-1.61-0.26-1.75 c-1.89-5.7-6.98-3.88-8.06-2.78c-4.43,4.53-0.31,8.35-0.31,8.35l-9.85,10.19c0,0,0,1.19,0,1.62c0.3,0.44,11.39,11.5,11.39,11.5 h1.47l13.77-13.56c0,0-0.08,1.61,1.17,2.61c-1.27,6.65-0.66,10.34,0,10.95c1.34,0.95,2.1,0.95,1.5-2.29 c-0.59-3.25-0.35-4.91-0.15-5.02c0.38-0.21,0.46,1.74,0.89,2.42c0.55,0.88,1.43,0.55,1.63,0.01 C146.12,450.38,145.53,449.83,145.65,449.76z M131.14,437.9c0.44-0.19,1.31-0.12,0.94,0.73c-0.37,0.85-1.22,0.45-1.37,0.14 C130.56,438.46,130.7,438.09,131.14,437.9z M124.54,426.82c0.45-1.43,2-2.56,3.36-2.35c2.35,0.37,2.13,2.34,2.13,2.34l-4.25,4.15 C125.78,430.96,123.36,430.55,124.54,426.82z M138.38,442.37c0,0.11-11.86,11.13-11.86,11.13l-10.42-10.57l13.02-12.87 c0,0,0.94-1.03,1.2-0.8c0.18,0.16,0.18,7.08,0.18,7.08s-1.15,1.17-1.24,1.43c-0.32,0.92-0.21,1.57,0.1,2.03 c0.57,0.85,1.8,1.04,2.18,1.05c0.69,0.01,2.34-0.5,2.51-2.07s-1.15-2.26-1.32-2.26c-0.03-0.03-0.08-5.8-0.08-5.8l1.15,0.73 l4.36,4.64c0,0,1.46,1.41,2.01,2.28C140.21,438.42,139.09,441.54,138.38,442.37z
Button	M182.74,241.93c-1.95-0.22-24.17-0.36-24.17-0.36s-2.87-0.01-5.23,1.12c-0.69,0.33-2.22,1.48-2.92,3.28 c-0.7,1.8-0.58,4.24-0.58,6.92c0,2.26,0.65,4.09,1.95,5.18c1.79,1.5,4.4,2.25,4.4,2.25s25.64-0.41,27.33-0.17 c3.76,0.53,5.38-3.65,5.38-3.65l0.19-8.25c0,0-0.11-1.87-1.17-3.38C186.84,243.34,184.8,242.16,182.74,241.93z M179.27,256.45 l-23.26,0.13c0,0-3.2-0.5-3.94-2.15c-0.74-1.64-0.34-3.8-0.26-6.64c0.05-1.98,1.24-3.29,2.45-3.98c1.85-1.04,3.9-0.82,3.9-0.82 l23.36,0.19c0,0,1.86,0.53,2.79,1.41c1.02,0.95,1.26,2.6,1.26,5.05c0,1.11,0.17,4.99-1.11,5.8 C182.66,256.58,179.27,256.45,179.27,256.45z M159.01,249.47c0.24-0.21,0.38-0.51,0.38-0.83c0-0.37-0.15-0.68-0.42-0.88 c-0.29-0.23-0.67-0.34-1.22-0.34c-0.35,0-0.72,0.03-0.97,0.09l-0.2,0.04v4.24l0.21,0.03c0.13,0.02,0.41,0.05,0.81,0.05 c0.71,0,1.19-0.14,1.52-0.43c0.27-0.26,0.41-0.58,0.41-0.96C159.54,250,159.3,249.67,159.01,249.47z M158.39,248.69 c0,0.3-0.31,0.4-0.59,0.4h-0.21v-0.78c0.05,0,0.12-0.01,0.19-0.01C158.39,248.3,158.39,248.57,158.39,248.69z M157.59,249.97h0.17 c0.28,0,0.75,0.06,0.75,0.5c0,0.34-0.25,0.51-0.75,0.51c-0.06,0-0.12,0-0.17,0V249.97z M162.62,247.44h1.01v2.52 c0,1.21-0.64,1.93-1.72,1.93c-1.05,0-1.65-0.7-1.65-1.91v-2.54h1.01v2.55c0,0.45,0.11,0.99,0.66,0.99c0.17,0,0.7,0,0.7-0.99 V247.44z M164.11,247.44h3.38v0.93h-1.19v3.46h-1.01v-3.46h-1.18V247.44z M167.76,247.44h3.38v0.93h-1.19v3.46h-1.01v-3.46h-1.18 V247.44z M173.29,247.38c-1.21,0-2.05,0.94-2.05,2.29c0,1.31,0.82,2.22,2,2.22c1.02,0,2.06-0.71,2.06-2.3 C175.29,248.29,174.47,247.38,173.29,247.38z M173.27,248.29c0.68,0,0.99,0.69,0.99,1.33c0,0.68-0.31,1.36-1,1.36 c-0.68,0-0.99-0.69-0.99-1.32C172.27,249.03,172.53,248.29,173.27,248.29z M179.42,247.44v4.39h-0.9l-1.31-2.09 c-0.09-0.14-0.17-0.27-0.25-0.4c0,0.18,0,0.37,0,0.58v1.91H176v-4.39h0.94l1.32,2.08c0.07,0.11,0.13,0.21,0.19,0.32 c0-0.17,0-0.34,0-0.52v-1.88H179.42z
Button-click	M146.02,107.59c-2.03-0.22-25.17-0.35-25.17-0.35s-2.98-0.01-5.44,1.11c-0.71,0.32-2.31,1.47-3.04,3.25 c-0.73,1.78-0.61,4.21-0.61,6.87c0,2.25,0.67,4.05,2.04,5.14c1.87,1.49,4.58,1.82,4.58,1.82s26.69-0.4,28.46-0.17 c3.91,0.52,5.61-3.21,5.61-3.21l0.2-8.18c0,0-0.12-1.85-1.22-3.35C150.29,108.99,148.17,107.82,146.02,107.59z M142.4,122.72l-24.22,0.14c0,0-3.34-0.52-4.1-2.23c-0.77-1.71-0.35-3.96-0.28-6.91 c0.06-2.06,1.29-3.43,2.55-4.14c1.92-1.09,4.06-0.86,4.06-0.86l24.32,0.2c0,0,1.93,0.56,2.91,1.46c1.06,0.99,1.31,2.7,1.31,5.26 c0,1.15,0.17,5.2-1.15,6.04C145.94,122.86,142.4,122.72,142.4,122.72z M154.1,148.94c-0.81,0-1.54-0.45-1.9-1.18l-4.07-7.89l-3.12,2.15c-0.17,0.11-0.49,0.23-1.46,0.23 c-0.31,0-0.61-0.08-0.88-0.22c-0.6-0.32-0.98-0.94-0.99-1.63l-0.03-17.78c-0.01-0.77,0.46-1.48,1.18-1.76 c0.22-0.09,0.45-0.13,0.69-0.13c0.53,0,1.03,0.22,1.38,0.61l11.04,11.19c0.38,0.42,0.56,0.97,0.49,1.52 c-0.07,0.55-0.38,1.03-0.84,1.33l-3.87,2.52l4.28,7.96c0.53,1.06,0.1,2.34-0.95,2.86C154.75,148.86,154.42,148.94,154.1,148.94z M143.51,121.1c0.41,0,0.82,0.17,1.11,0.49l11.05,11.2c0.3,0.33,0.44,0.77,0.38,1.2 c-0.06,0.44-0.3,0.83-0.67,1.07l-4.16,2.7l4.44,8.27c0.43,0.86,0.08,1.92-0.79,2.35c-0.25,0.12-0.52,0.18-0.78,0.18 c-0.64,0-1.26-0.36-1.57-0.97l-4.27-8.28l-3.47,2.39c-0.25,0.16-0.96,0.17-1.25,0.17c-0.24,0-0.49-0.06-0.71-0.18 c-0.48-0.26-0.78-0.76-0.79-1.3l-0.03-17.78c-0.01-0.62,0.37-1.19,0.95-1.42C143.14,121.14,143.32,121.1,143.51,121.1
Button-Fill	M217.79,152.96l-24.22,0.14c0,0-3.34-0.52-4.1-2.23 c-0.77-1.71-0.35-3.96-0.28-6.91c0.06-2.06,1.29-3.43,2.55-4.14c1.92-1.09,4.06-0.86,4.06-0.86l24.32,0.2c0,0,1.93,0.56,2.91,1.46 c1.06,0.99,1.31,2.7,1.31,5.26c0,1.15,0.17,5.2-1.15,6.04C221.32,153.1,217.79,152.96,217.79,152.96z
Button-NoText	M221.26,115.22c-2.03-0.22-25.17-0.35-25.17-0.35s-2.98-0.01-5.44,1.11c-0.71,0.32-2.31,1.47-3.04,3.25 c-0.73,1.78-0.61,4.21-0.61,6.87c0,2.25,0.67,4.05,2.04,5.14c1.87,1.49,4.58,1.82,4.58,1.82s26.69-0.4,28.46-0.17 c3.91,0.52,5.61-3.21,5.61-3.21l0.2-8.18c0,0-0.12-1.85-1.22-3.35C225.54,116.63,223.41,115.46,221.26,115.22z M217.65,130.35 l-24.22,0.14c0,0-3.34-0.52-4.1-2.23c-0.77-1.71-0.35-3.96-0.28-6.91c0.06-2.06,1.29-3.43,2.55-4.14c1.92-1.09,4.06-0.86,4.06-0.86 l24.32,0.2c0,0,1.93,0.56,2.91,1.46c1.06,0.99,1.31,2.7,1.31,5.26c0,1.15,0.17,5.2-1.15,6.04 C221.18,130.5,217.65,130.35,217.65,130.35z
CheckBox	M19 3H5c-1.1 0-2 .9-2 2v14c0 1.1.9 2 2 2h14c1.1 0 2-.9 2-2V5c0-1.1-.9-2-2-2zm0 16H5V5h14v14zM17.99 9l-1.41-1.42l-6.59 6.59l-2.58-2.57l-1.42 1.41l4 3.99z
CheckBox2	M21 3H3v18h18V3zM10 17l-5-5l1.41-1.41L10 14.17l7.59-7.59L19 8l-9 9z
CheckCircle	M401.1,746.2l441.7-441.7l-69-71.3L401.1,605.8L226.2,431l-69,69L401.1,746.2z M500,10c135,0,250.4,47.9,346.2,143.8S990,365,990,500s-47.9,250.4-143.8,346.2S635,990,500,990c-135,0-250.4-47.9-346.2-143.8S10,635,10,500s47.9-250.4,143.8-346.2S365,10,500,10z
ComboBoxMenu	M72.2,10.7c0.4-1.1,2.1,0,3-0.1c0.9-0.1,2.6-1.3,3,0.1c0.4,1.4-1,1.6-1.9,2V25c1.8,0.6,2.2,1.5,1.7,2.3s-2-0.4-3-0.3 c-1,0.1-2.2,1.4-2.6,0.3c-0.4-1.1-0.1-1.8,1.7-2.2l0-12.4C73.4,12.2,71.8,11.8,72.2,10.7z M94.8,53.3H28.5v-9.6h66.3V53.3z M94.8,99.2H28.6v-9.6h66.2V99.2z M72.2,10.7c0.4-1.1,2.1,0,3-0.1c0.9-0.1,2.6-1.3,3,0.1c0.4,1.4-1,1.6-1.9,2V25 c1.8,0.6,2.2,1.5,1.7,2.3s-2-0.4-3-0.3c-1,0.1-2.2,1.4-2.6,0.3c-0.4-1.1-0.1-1.8,1.7-2.2l0-12.4C73.4,12.2,71.8,11.8,72.2,10.7z M49,25.9v-0.6c0.7,0.5,1.6,0.8,2.5,0.8c2.1,0,4.2-1.7,4.6-4.8c0.3,2.9,2,4.8,4.6,4.8c2.6,0,5.2-1.9,5.2-5.9s-2.1-5.7-5-5.7 c-2.7,0-4.4,1.9-4.8,4.7c-0.1-1.2-0.5-2.4-1.3-3.3c-0.8-0.9-1.9-1.4-3.1-1.4c-0.9,0-1.7,0.2-2.4,0.7V9.7h-2.9l-0.3,14.9 c0,0.5-0.1,0.7-0.5,0.9v-6.1c0-3.6-1.9-4.9-3.6-4.9c-0.8,0-1.7,0.2-2.3,0.8l-0.6,0.5c-0.6-1-1.8-1.5-2.9-1.3c-0.8,0-1.6,0.4-2,1.1 v-0.9h-2.9v0.8c0.1,0.8,0.1,4.1,0.1,4.1c-0.4-4-2.3-5.3-4.9-5.3s-5.1,2.5-5.1,5.9c0,0.6,0.1,1.3,0.2,1.9l-0.5,0.3 c-0.7,0.4-1.5,0.6-2.3,0.7c-2.7,0-4.3-2.1-4.3-5c0-2.9,1.7-4.8,4.3-4.8c1,0,2,0.2,3,0.6l0.2-2.5c-1-0.6-2.1-0.8-3.2-0.8 c-4.3,0-7.2,3.2-7.2,7.8c0,4.6,2.7,7.5,6.8,7.5c1.2,0.1,2.5-0.2,3.6-0.7v-2.4c0.6,1.9,2.5,3.2,4.5,3.2c1.5,0,2.8-0.6,3.7-1.8 c0.8-1.1,1.2-2.4,1.2-3.8v5.3h2.9v-6.4c0-0.2,0.4-1.8,1.5-1.8c1.1,0,1.2,1,1.2,1.8v6.4h3v-6.6c0,0,0-1.5,1.3-1.6 c1.3-0.1,1.3,0,1.3,2.1v6.3H49z M60.8,17.4c1.5,0,2,1.8,2,2.8s-0.8,3-2,3s-2-1.2-2-2.9S59.3,17.4,60.8,17.4z M49.4,19 c0.2-0.9,0.9-1.5,1.8-1.6c1.5,0,2,1.5,2,2.8c0,1.3-0.8,2.9-2,2.9c-0.9,0-1.6-0.6-1.8-1.4C49.3,20.8,49.3,19.9,49.4,19z M26.4,23.2 c-1.1,0-2.1-1.4-2.1-3c0-1.6,0.6-3.1,2.2-3.1s2.1,2,2.1,3.1C28.6,21.3,27.6,23.2,26.4,23.2z M116.1,17.1c-2.4,3.6-4.8,4.7-7.2,8.3 c-1.1,1.6-2.1,1.7-3.2,0c-2.3-3.6-5.7-4.7-8.1-8.3c-1-1.6-0.8-2.2,0.9-2.4c1.7-0.2,5.4,5.4,8.7,5.4s6.6-5.5,7.9-5.4 C116.4,14.8,117.1,15.5,116.1,17.1z M124.5,1.7C123,0.5,87.4,0.5,55.9,0.4L0,0v35.7h6.9l0.4,2.7L7,99.5c0,0-1.3,7.3,3.1,13 c2.3,3.1,10.6,3.3,10.6,3.3l85.2-0.3c2.7,0,7,0.6,10.3-3.3c3.3-3.9,2.5-10.9,2.5-15.4C118.8,72.5,119,41,119,41l0.4-5 c2.7-0.2,4.3-0.4,4.7-0.8c2.4-1.8,3.9-10.9,3.9-15.3C128,15.5,127.5,4.1,124.5,1.7z M5,29.8V5.9l41-0.5l40.5,0.4v24.6l-39.4,0.2 C32.4,30.6,5,29.8,5,29.8z M13.5,58.1V36.6h14.9c27.9,0.4,66.2,0.3,84.7-0.3v21.8H13.5z M92.3,67v8.1H30.5V67H92.3z M112.7,106.9 c-1.7,1.6-97,2.3-98.8,0.5c-1.8-1.8-0.4-25.5-0.4-25.5h99.6C113.1,81.9,114.4,105.3,112.7,106.9z M123.6,18.8 c-0.2,5.5-1.2,10.9-1.9,11.4s-8,0.8-15.4,0.9c-7.4,0.1-13.8,0-14.6-0.5S89.3,8.2,92.2,6.4c1-0.6,7.9-1,15.4-0.9 c7.5,0.1,14.1,1,14.7,1.7C122.9,7.9,123.7,13.4,123.6,18.8z M28.5,43.7h66.3v9.6H28.5V43.7z M28.6,89.6h66.2v9.6H28.6V89.6z
Datagrid	M17.7,7.5V0h-9H0v12.3c0,0,4.4,0,8.9,0c4.4,0,8.8,0,8.8,0V7.5z M13.9,0.9h2.8v1.3h-1.3h-1.5C13.9,2.2,13.9,0.9,13.9,0.9zM0.7,0.9h4.2v10.7H0.7V0.9z M13.2,11.6H5.5V0.9h7.7v4.4V11.6z M16.7,11.7h-1.9H14v-1.4h2.8L16.7,11.7L16.7,11.7z M15,9.8h-1V2.7 h2.8v7.1H15zM15.5,4.1c-0.8-0.1-0.9,1.1-0.9,1.1l0,2.6c0,0,0,0.9,0.7,1c0.8,0.1,0.8-0.9,0.8-0.9l0.1-2.7C16.2,5.2,16.3,4.2,15.5,4.1zM7.4,4h4c0.5,0,1-0.5,1-1s-0.5-1-1-1h-4c-0.5,0-1,0.5-1,1S6.8,4,7.4,4zM1.7,10.6h2.2V9.5V8.6c0,0-0.9,0-1.2,0s-1,0-1,0V10.6zM7.4,7.3h4c0.5,0,1-0.5,1-1s-0.5-1-1-1h-4c-0.5,0-1,0.5-1,1S6.8,7.3,7.4,7.3zM1.7,7.3h2.2l0-1.1l0-0.9c0,0-0.6,0-1.1,0s-1.1,0-1.1,0V7.3zM1.7,2v2h2.2V2.9V2c0,0-0.7,0-1.1,0S1.7,2,1.7,2zM11.4,8.6h-4c-0.5,0-1,0.5-1,1s0.5,1,1,1h4c0.5,0,1-0.5,1-1S11.9,8.6,11.4,8.6z
DataGrid2	M12 9h4c.55 0 1-.45 1-1s-.45-1-1-1h-4c-.55 0-1 .45-1 1s.45 1 1 1zm0 4h4c.55 0 1-.45 1-1s-.45-1-1-1h-4c-.55 0-1 .45-1 1s.45 1 1 1zm0 4h4c.55 0 1-.45 1-1s-.45-1-1-1h-4c-.55 0-1 .45-1 1s.45 1 1 1zM7 7h2v2H7zm0 4h2v2H7zm0 4h2v2H7zM20 3H4c-.55 0-1 .45-1 1v16c0 .55.45 1 1 1h16c.55 0 1-.45 1-1V4c0-.55-.45-1-1-1zm-1 16H5V5h14v14z
DefaultButton	M217.53,164.35c-1.12-1.52-3.24-2.69-5.39-2.93c-2.03-0.22-25.17-0.35-25.17-0.35s-2.98-0.01-5.45,1.11 c-0.71,0.32-2.31,1.47-3.04,3.25c-0.73,1.78-0.61,4.21-0.61,6.87c0,2.25,0.67,4.05,2.04,5.14c1.86,1.49,4.58,1.82,4.58,1.82 s26.69-0.4,28.46-0.17c3.91,0.52,5.61-3.21,5.61-3.21l0.2-8.18C218.75,167.7,218.63,165.85,217.53,164.35z M214.19,175.94 c-1.94,1.23-5.41,1.13-5.68,1.12l-24.21,0.14c-0.23-0.03-3.69-0.59-4.56-2.53c-0.63-1.4-0.53-3.03-0.42-5.09 c0.04-0.64,0.08-1.32,0.1-2.04c0.07-2.73,1.98-4.1,2.8-4.56c2.04-1.15,4.27-0.93,4.36-0.92l24.4,0.21c0.08,0.02,2.06,0.6,3.11,1.58 c1.22,1.14,1.47,3.07,1.47,5.63l0,0.36C215.61,172.53,215.46,175.14,214.19,175.94z M214.58,169.85l0-0.38 c0-2.29-0.2-4.01-1.15-4.9c-0.78-0.73-2.32-1.23-2.64-1.33l-24.25-0.2c-0.02,0-0.2-0.02-0.49-0.02c-0.71,0-2.08,0.1-3.32,0.81 c-0.67,0.38-2.24,1.5-2.29,3.72c-0.02,0.73-0.06,1.42-0.1,2.07c-0.11,1.93-0.2,3.45,0.33,4.62c0.54,1.2,2.87,1.81,3.73,1.94 l24.15-0.15l0.01,0c0.03,0,3.41,0.12,5.12-0.96C214.63,174.48,214.59,171,214.58,169.85z M187.76,170.94 c-0.38,0.38-1,0.58-1.79,0.58c-0.37,0-0.68-0.02-0.95-0.05v-3.98c0.32-0.05,0.7-0.08,1.11-0.08c0.75,0,1.28,0.17,1.64,0.5 c0.36,0.33,0.57,0.8,0.57,1.45C188.34,170.03,188.13,170.57,187.76,170.94z M191.66,171.49h-2.27v-4.04h2.18v0.44h-1.66v1.28h1.57 v0.43h-1.57v1.46h1.75V171.49z M194.89,167.89h-1.65v1.34h1.53v0.43h-1.53v1.83h-0.52v-4.04h2.18V167.89z M198.06,171.49 l-0.43-1.27h-1.43l-0.42,1.27h-0.54l1.37-4.04h0.63l1.38,4.04H198.06z M202.39,169.8c0,1.24-0.65,1.75-1.53,1.75 c-0.83,0-1.45-0.47-1.45-1.73v-2.38h0.53v2.39c0,0.91,0.4,1.29,0.94,1.29c0.6,0,0.98-0.4,0.98-1.29v-2.39h0.53V169.8z M205.92,171.49h-2.25v-4.04h0.52v3.6h1.73V171.49z M208.88,167.89h-1.24v3.6h-0.53v-3.6h-1.23v-0.44h2.99V167.89z M197.12,168.65 l0.4,1.16h-1.22l0.4-1.17c0.08-0.25,0.14-0.49,0.2-0.73h0.01C196.97,168.14,197.03,168.38,197.12,168.65z M187.79,169.39 c0,1.09-0.61,1.71-1.72,1.71c-0.2,0-0.4-0.01-0.53-0.03v-3.19c0.14-0.03,0.34-0.05,0.61-0.05 C187.26,167.83,187.8,168.44,187.79,169.39z
DroppDownMenu	M73.8,32.7c-1.8.4-2.1,1.1-1.7,2.2s1.6-.2,2.6-.3,2.5,1.1,3,.3.1-1.7-1.7-2.3V20.3c.9-.4,2.3-.6,1.9-2s-2.1-.2-3-.1-2.6-1-3,.1,1.2,1.5,1.9,2ZM26.2,24.9c-1.6,0-2.1,1.5-2.1,2.9s.9,2.9,2,2.9,2.1-1.3,2.1-3S27.8,24.9,26.2,24.9ZM50.9,25a2,2,0,0,0-1.8,1.6h0a.9.9,0,0,0-.1.5v1.7a.9.9,0,0,0,.1.5,1.8,1.8,0,0,0,1.8,1.4c1.2,0,2-1.1,2-2.9S52.4,25,50.9,25ZM60.5,25c-1.5,0-2,1.5-2,2.9s.8,2.9,2,2.9,2-1.3,2-3S62.1,25,60.5,25ZM60.6,22.1c-2.7,0-4.4,1.9-4.8,4.7a6.1,6.1,0,0,0-1.3-3.3,4.1,4.1,0,0,0-3.1-1.4,4,4,0,0,0-2.4.7V17.3H46.1l-.3,14.9c0,.5-.1.7-.5.9V27c0-3.6-1.9-4.9-3.6-4.9a3.2,3.2,0,0,0-2.3.8l-.6.5a2.8,2.8,0,0,0-2.9-1.3,2.3,2.3,0,0,0-2,1.1v-.9H31v.8c.1.8.1,4.1.1,4.1-.4-4-2.3-5.3-4.9-5.3s-5.1,2.5-5.1,5.9a10.1,10.1,0,0,0,.2,1.9l-.5.3a5.6,5.6,0,0,1-2.3.7c-2.7,0-4.3-2.1-4.3-5s1.7-4.8,4.3-4.8a8.7,8.7,0,0,1,3,.6l.2-2.5a6,6,0,0,0-3.2-.8c-4.3,0-7.2,3.2-7.2,7.8s2.7,7.5,6.8,7.5a7.2,7.2,0,0,0,3.6-.7V30.4a4.7,4.7,0,0,0,4.5,3.2,4.5,4.5,0,0,0,3.7-1.8A6.7,6.7,0,0,0,31.1,28v5.3H34V26.9c0-.2.4-1.8,1.5-1.8s1.2,1,1.2,1.8v6.4h3V26.7s0-1.5,1.3-1.6,1.3,0,1.3,2.1v6.3h6.4v-.6a4.1,4.1,0,0,0,2.5.8c2.1,0,4.2-1.7,4.6-4.8.3,2.9,2,4.8,4.6,4.8s5.2-1.9,5.2-5.9S63.5,22.1,60.6,22.1ZM26.1,30.8c-1.1,0-2.1-1.4-2.1-3s.6-3.1,2.2-3.1,2.1,2,2.1,3.1S27.3,30.8,26.1,30.8Zm24.8-.1a1.8,1.8,0,0,1-1.8-1.4,24.2,24.2,0,0,1,0-2.7A2,2,0,0,1,50.9,25c1.5,0,2,1.5,2,2.8S52.1,30.7,50.9,30.7Zm9.6.1c-1.2,0-2-1.2-2-2.9s.5-2.9,2-2.9,2,1.8,2,2.8S61.7,30.8,60.5,30.8ZM115.8,24.7c-2.4,3.6-4.8,4.7-7.2,8.3-1.1,1.6-2.1,1.7-3.2,0-2.3-3.6-5.7-4.7-8.1-8.3-1-1.6-.8-2.2.9-2.4s5.4,5.4,8.7,5.4,6.6-5.5,7.9-5.4S116.8,23.1,115.8,24.7ZM86.2,38.6V13.4L45.7,13H4.7V38.1H33.6C48.2,38.1,86.2,38.6,86.2,38.6ZM28.1,43.6H13.2V65.7h99.6V43.9C94.3,44.5,56,44,28.1,43.6ZM94.5,60.9H28.2V51.4H94.5ZM13.2,114.5h99.6v-25H13.2ZM28.3,97.3H94.5v9.6H28.3ZM107.3,12c-7.5-.2-14.4.3-15.4.9-2.9,1.9-2.2,24.2-.5,25.3s7,1.2,14.6,1.1,14.8-.9,15.4-1.5,2.4-6.2,2.6-11.9-1.4-11.4-2-12.2S114.7,12.2,107.3,12ZM124.2,9.3C122.7,8.1,87.1,8.1,55.6,8L-.3,7.6V43.3H6.6L7,46l-.3,61.1s-1.3,7.3,3.1,13c2.3,3.1,10.6,3.3,10.6,3.3l85.2-.3c2.7,0,7,.6,10.3-3.3s2.5-10.9,2.5-15.4c.1-24.3.3-55.8.3-55.8l.4-5c2.7-.2,4.3-.4,4.7-.8,2.4-1.8,3.9-10.9,3.9-15.3S127.2,11.7,124.2,9.3ZM4.7,13.5l41-.5,40.5.4V38l-39.4.2c-14.7,0-42.1-.8-42.1-.8Zm107.7,101c-1.7,1.6-97,2.3-98.8.5s-.4-25.5-.4-25.5h99.6S114.1,112.9,112.4,114.5ZM30.2,82.7V74.6H92v8.1Zm82.6-17H13.2V44.2H28.1c27.9.4,66.2.3,84.7-.3Zm10.5-39.3c-.2,5.5-1.2,10.9-1.9,11.4s-8,.8-15.4.9-13.8,0-14.6-.5S89,15.8,91.9,14c1-.6,7.9-1,15.4-.9s14.1,1,14.7,1.7S123.4,21,123.3,26.4Z
Eraser	M188.36,333.29c0-0.38,0-0.89,0-1.29c-0.48-0.51-0.9-0.94-1.29-1.35c-3.94,0-7.86,0-11.76,0 c-0.43,0.43-15.11,14.86-15.65,15.41c-0.23,0.24-1.21,1.06-1.49,2.35c-0.36,1.7,0,4.04,0,5.12c0.43,0.43,0.86,0.86,1.3,1.29 c4.54,0,14.89,0,14.89,0s15.01-16.16,15.47-16.79c0.16-0.21,0.32-0.42,0.45-0.59c0-0.6,0-1.15,0-1.47 C189.58,335.01,189.01,334.2,188.36,333.29z M170.69,352.69c-2.98,0-10.66,0.01-10.66,0.01v-3.11l1.67-0.89 c0,0,0.04,0.09,0.09,0.07c3.71-1.13,6.4-0.48,9.24,0.13c0.37,0.38,1.34,0.21,1.34,2.46C172.37,353.61,171.26,352.23,170.69,352.69z M173.25,347.01c0,0-3.13-1.21-6.11-1.21c-4.71,0-6.44,0.89-6.44,0.89s14.41-13.84,14.6-13.85c0.42-0.42,6.14,0,9.57,0 c0.29,0.2,0.92,0.62,0.92,0.62L173.25,347.01z M187.75,337.26l-13.33,13.86l-0.07-2.14l11.98-13.13c0.39-0.39,1.02-0.39,1.41,0 S188.14,336.87,187.75,337.26z
Feild	M180.73,85.02c-60.24,0-120.48,0-180.73,0C0,56.68,0,28.34,0,0c60.24,0,120.48,0,180.73,0 C180.73,28.34,180.73,56.68,180.73,85.02z M170.84,73.83V11.36c0,0-75.99,0-89.46,0s-72.19,0-72.19,0v62.47c0,0,35.74,0,72.59,0 S170.84,73.83,170.84,73.83z M28.7,59.32c-5.12,0.88-6.13,2.51-4.85,5.18c1.28,2.68,4.4-0.49,7.32-0.65c3.44-0.19,7,2.67,8.46,0.65 s0.2-4.15-4.64-5.37c0-11.2,0-22.41,0-33.59c2.4-0.81,6.5-1.44,5.21-4.65c-1.01-2.52-5.87-0.61-8.52-0.37 c-2.66,0.24-7.24-2.38-8.33,0.38c-1.58,4.01,3.34,3.57,5.35,4.83C28.7,36.89,28.7,48.13,28.7,59.32z
Fld-HC	M235.02,236.35c-10.61,0-21.25,0-31.89,0c-0.31,0.38-0.43,0.99-1.12,0.97c0,2.5,0.01,4.93-0.01,7.36l0.05,6.8 c0,3.3,0,6.6,0,9.77c0.39,0.39,0.73,0.72,1.18,1.17c10.47,0,21.13,0,31.65,0c0.4-0.4,0.74-0.73,1.18-1.17c0-7.83,0-15.84,0-23.86 C235.72,237.05,235.38,236.71,235.02,236.35z M233.9,259.11c-0.37,0.36-0.74,0.72-1.19,1.17c-9.03,0-18.23,0-27.47,0 c-0.32-0.35-0.67-0.73-1.07-1.16c0-2.46,0-5.01,0-7.58l-0.01-6.32c0-1.81,0-3.73,0-5.65c0.34-0.33,0.68-0.66,1.08-1.05 c9.16,0,18.38,0,27.63,0c0.32,0.32,0.66,0.65,1.02,1.02C233.9,246.06,233.9,252.6,233.9,259.11z M207.35,243.47c-1.1,0-1.1-2.03,0-2.03 C208.45,241.44,208.45,243.47,207.35,243.47z M210.73,243.47c-1.1,0-1.1-2.03,0-2.03 C211.82,241.44,211.82,243.47,210.73,243.47z M214.1,243.47c-1.1,0-1.1-2.03,0-2.03 C215.19,241.44,215.19,243.47,214.1,243.47z M217.47,243.47c-1.1,0-1.1-2.03,0-2.03 C218.57,241.44,218.57,243.47,217.47,243.47z M220.85,243.47c-1.1,0-1.1-2.03,0-2.03 C221.94,241.44,221.94,243.47,220.85,243.47z M224.22,243.47c-1.1,0-1.1-2.03,0-2.03 C225.31,241.44,225.31,243.47,224.22,243.47z M227.59,243.47c-1.1,0-1.1-2.03,0-2.03 C228.69,241.44,228.69,243.47,227.59,243.47z M230.97,243.47c-1.1,0-1.1-2.03,0-2.03 C232.06,241.44,232.06,243.47,230.97,243.47z M207.35,250.05c-1.1,0-1.1-2.03,0-2.03 C208.45,248.03,208.45,250.05,207.35,250.05z M210.73,250.05c-1.1,0-1.1-2.03,0-2.03 C211.82,248.03,211.82,250.05,210.73,250.05z M214.1,250.05c-1.1,0-1.1-2.03,0-2.03 C215.19,248.03,215.19,250.05,214.1,250.05z M217.47,250.05c-1.1,0-1.1-2.03,0-2.03 C218.57,248.03,218.57,250.05,217.47,250.05z M220.85,250.05c-1.1,0-1.1-2.03,0-2.03 C221.94,248.03,221.94,250.05,220.85,250.05z M224.22,250.05c-1.1,0-1.1-2.03,0-2.03 C225.31,248.03,225.31,250.05,224.22,250.05z M227.59,250.05c-1.1,0-1.1-2.03,0-2.03 C228.69,248.03,228.69,250.05,227.59,250.05z M230.97,250.05c-1.1,0-1.1-2.03,0-2.03 C232.06,248.03,232.06,250.05,230.97,250.05z M207.35,256.71c-1.1,0-1.1-2.03,0-2.03 C208.45,254.68,208.45,256.71,207.35,256.71z M210.73,256.71c-1.1,0-1.1-2.03,0-2.03 C211.82,254.68,211.82,256.71,210.73,256.71z M214.1,256.71c-1.1,0-1.1-2.03,0-2.03 C215.19,254.68,215.19,256.71,214.1,256.71z M217.47,256.71c-1.1,0-1.1-2.03,0-2.03 C218.57,254.68,218.57,256.71,217.47,256.71z M220.85,256.71c-1.1,0-1.1-2.03,0-2.03 C221.94,254.68,221.94,256.71,220.85,256.71z M224.22,256.71c-1.1,0-1.1-2.03,0-2.03 C225.31,254.68,225.31,256.71,224.22,256.71z M227.59,256.71c-1.1,0-1.1-2.03,0-2.03 C228.69,254.68,228.69,256.71,227.59,256.71z M230.97,256.71c-1.1,0-1.1-2.03,0-2.03 C232.06,254.68,232.06,256.71,230.97,256.71z
Graphic-curvedraw	M213.97,457.67c-4.03,0-6.96-1.41-8.83-2.76c-2.62-1.88-4.47-4.61-4.82-7.11c-0.36-2.54-0.02-6.1,2.03-8.46 c1.21-1.4,2.87-2.14,4.78-2.14l0,0c0,0,0.01,0,0.01,0c2.79,0,4.67,1.45,6.33,2.73c1.5,1.16,2.81,2.16,4.54,2 c1.89-0.17,2.86-1.39,3.8-2.57c0.9-1.13,1.91-2.42,3.66-2.16c3.16,0.46,5.5,2.6,6.43,5.87c1.06,3.71,0.07,8.15-2.25,10.11 c-2.87,2.42-7.83,3.34-12.21,4.15C216.2,457.57,215.05,457.67,213.97,457.67z M207.13,439.2c-1.34,0-2.44,0.49-3.27,1.45 c-1.32,1.53-1.94,4.22-1.56,6.87c0.21,1.48,1.39,3.88,4.01,5.77c2.06,1.48,5.59,3.04,10.76,2.08c4.13-0.77,8.82-1.63,11.28-3.71 c1.74-1.47,2.47-5.08,1.62-8.03c-0.42-1.46-1.59-3.97-4.8-4.44c-0.53-0.07-0.95,0.35-1.8,1.42c-1.03,1.3-2.44,3.07-5.19,3.31 c-2.53,0.23-4.26-1.12-5.94-2.41C210.71,440.33,209.24,439.2,207.13,439.2C207.14,439.2,207.13,439.2,207.13,439.2L207.13,439.2z
Graphic-oval	M171.43,457.78c-8.39,0-15.22-4.96-15.22-11.05s6.83-11.05,15.22-11.05s15.22,4.96,15.22,11.05 S179.82,457.78,171.43,457.78z M171.43,437.68c-7.29,0-13.22,4.06-13.22,9.05c0,4.99,5.93,9.05,13.22,9.05s13.22-4.06,13.22-9.05 C184.65,441.74,178.72,437.68,171.43,437.68z
Graphic-polygon	M176.79,509.2l-12.36-7.89v-12.15l12.53-8.89l12.41,8.49v13.35L176.79,509.2z M166.44,500.21l10.42,6.65l10.52-5.92 v-11.12l-10.39-7.11l-10.55,7.49V500.21z
Graphic-polygondraw	M235.96,505.77h-27.58v-10.69l7.54-9.23h22.69l-9.72,10.05L235.96,505.77z M210.38,503.77h21.69l-5.77-8.05l7.6-7.86 h-17.03l-6.49,7.94V503.77z
Graphic-rectangle	M186.79,402.91h-28.54v-18.52h28.54V402.91z M160.25,400.91h24.54v-14.52h-24.54V400.91z
Graphic-roundrect	M227.63,386.34c1.79,0,2.86,0.33,3.23,0.62c0.97,0.75,1.18,1.35,1.22,1.55c-0.01,0.05,0.01,0,0.01,0.14l-0.15,10.96 c0,0.12,0,0.22,0.02,0.34c0,0.01,0.15,1.13-0.52,1.65c-0.61,0.48-1.7,0.65-2.32,0.65c0,0,0,0,0,0l-21.26,0.03 c-0.05,0-0.1,0-0.15,0.01c-0.03,0-0.23,0.01-0.52,0.01c-1.65,0-2.51-0.38-2.65-0.55c-0.25-0.36-0.2-1.04-0.15-1.3 c0.04-0.16,0.06-0.32,0.06-0.49V388.4c0.13-0.32,0.46-0.97,1.12-1.45c0.5-0.36,2.19-0.6,3.39-0.6l17.58,0.02c0,0,0,0,0,0 c0.06,0,0.12,0,0.18-0.01C226.75,386.37,227.11,386.34,227.63,386.34 M227.63,384.34c-0.63,0-1.06,0.04-1.06,0.04l-17.58-0.02 c0,0,0,0-0.01,0c-0.16,0-3.2,0.01-4.55,0.98c-1.55,1.11-1.96,2.75-1.96,2.75v11.89c0,0-0.42,1.68,0.45,2.93 c0.86,1.24,3.14,1.4,4.29,1.4c0.41,0,0.67-0.02,0.67-0.02l21.26-0.03c0,0,0.01,0,0.04,0c0.28,0,2.19-0.04,3.51-1.07 c1.65-1.28,1.26-3.54,1.26-3.54l0.15-10.96c0,0,0.2-1.6-2.01-3.3C230.94,384.49,228.88,384.34,227.63,384.34L227.63,384.34z
Group	M20 3H5c-1.1 0-2 .9-2 2v14c0 1.1.9 2 2 2h15c1.1 0 2-.9 2-2V5c0-1.1-.9-2-2-2zm0 2v3H5V5h15zm-5 14h-5v-9h5v9zM5 10h3v9H5v-9zm12 9v-9h3v9h-3z
HOME1	M19 9.3V4h-3v2.6L12 3L2 12h3v8h6v-6h2v6h6v-8h3l-3-2.7zM17 18h-2v-6H9v6H7v-7.81l5-4.5l5 4.5V18z
Image	M33.37,0H1.56C0.7,0,0,0.67,0,1.5v30C0,32.33,0.7,33,1.56,33h31.81c0.87,0,1.57-0.67,1.56-1.5v-30 C34.93,0.67,34.23,0,33.37,0z M2.06,31V2h30.81v29c0,0-12.65,0-14.71,0S2.06,31,2.06,31z M4.24,26h26.45V4c0,0-8.29,0-13.51,0S4.24,4,4.24,4V26z M24.06,16.47l-3.37,3.02l-7.65-7.21 c-0.34-0.32-0.78-0.48-1.23-0.48c-0.44,0-0.89,0.16-1.23,0.48L6.3,16.31V6h22.32v11.89l-1.36-1.4 C26.4,15.67,24.89,15.68,24.06,16.47z M6.3,19.1l5.51-5.2l8.15,7.68c0.38,0.36,1.03,0.37,1.42,0.02l4.11-3.68 c0.09-0.09,0.29-0.05,0.31-0.03l2.83,2.91V24H6.3V19.1z M22.24,8.25c-1.52,0-2.87,1.23-2.87,2.75c0,1.52,1.29,2.75,2.87,2.75c0.79,0,1.51-0.31,2.03-0.8 c0.52-0.5,0.84-1.19,0.84-1.95C25.11,9.48,23.76,8.25,22.24,8.25z
imagebox	M37.9,0h-28C9.1,0,8.5,0.5,8.5,1.1v21.8c0,0.6,0.6,1.1,1.4,1.1h27.9c0.8,0,1.4-0.5,1.4-1.1V1.1C39.3,0.4,38.7,0,37.9,0z M37.5,22.6H10.4v-0.1v-21h27.1V22.6z M35.6,2.9H12.3v16h23.3V2.9z M33.6,13l-1.2-1c-0.7-0.7-2-0.7-2.7-0.1l-3,2.2l-6.8-5.2 c-0.3-0.2-0.7-0.4-1.1-0.4c-0.4,0-0.8,0.1-1.1,0.4L14,11.8V4.3h19.6V13z M25.6,8c0-1.1,1.1-2,2.5-2c1.4,0,2.5,0.9,2.5,2 s-1.1,2-2.5,2C26.7,10,25.6,9.1,25.6,8z
IregularPolygon	M235.96,505.77h-27.58v-10.69l7.54-9.23h22.69l-9.72,10.05L235.96,505.77z M210.38,503.77h21.69l-5.77-8.05l7.6-7.86 h-17.03l-6.49,7.94V503.77z
Keyboard	M20 5H4c-1.1 0-1.99.9-1.99 2L2 17c0 1.1.9 2 2 2h16c1.1 0 2-.9 2-2V7c0-1.1-.9-2-2-2zm0 12H4V7h16v10zm-9-9h2v2h-2zm0 3h2v2h-2zM8 8h2v2H8zm0 3h2v2H8zm-3 0h2v2H5zm0-3h2v2H5zm3 6h8v2H8zm6-3h2v2h-2zm0-3h2v2h-2zm3 3h2v2h-2zm0-3h2v2h-2z
LabelField	M42.31,24.66H3.26L0,20.44V4.12L4.78,0l37.53,0.04V24.66z M5.37,22.72l34.9,0.2V1.78L6.35,1.74l-4,3.28 l0.2,14.64L5.37,22.72z M23.43,11.45c-0.41-0.4-0.92-0.61-1.49-0.61c-0.38,0-0.72,0.08-1.02,0.23V8.95H19.3v5.56 c0,0.37-0.02,0.79-0.03,1.07l-0.03,0.46h1.53l0.01-0.16c0.3,0.17,0.65,0.26,1.05,0.26c1.15,0,2.32-0.93,2.32-2.7 C24.16,12.64,23.9,11.93,23.43,11.45z M21.66,14.65c-0.35,0-0.63-0.22-0.72-0.55c-0.01-0.06-0.03-0.13-0.03-0.2v-0.76 c0-0.06,0.01-0.12,0.03-0.2c0.1-0.37,0.4-0.62,0.75-0.62c0.61,0,0.82,0.61,0.82,1.14C22.51,13.74,22.45,14.66,21.66,14.65z M27.3,10.84c-1.41,0-2.4,1.12-2.4,2.72c0,1.54,1,2.57,2.5,2.57c0.75,0,1.27-0.16,1.58-0.3l0.32-0.15l-0.33-1.4l-0.47,0.2 c-0.22,0.1-0.5,0.18-1,0.18c-0.36,0-0.78-0.12-0.94-0.6h2.45l0.38-0.02l0.05-0.38c0.01-0.09,0.03-0.22,0.03-0.39 C29.47,12.06,28.8,10.84,27.3,10.84z M26.65,12.64c0.1-0.2,0.29-0.38,0.59-0.38c0.18,0,0.32,0.05,0.42,0.15 c0.06,0.06,0.11,0.14,0.14,0.23H26.65z M10.74,9.27H9.12v6.78h2.06h2.06v-1.51h-2.5c0,0,0-2.2,0-2.95S10.74,9.27,10.74,9.27z M18.04,15.53c-0.05-0.23-0.07-0.54-0.07-0.93v-1.59c0-1.38-0.74-2.17-2.03-2.17c-0.59,0-1.18,0.16-1.62,0.45l-0.28,0.19l0.46,1.35 l0.46-0.3c0.23-0.15,0.56-0.25,0.86-0.25c0.25,0,0.4,0.06,0.47,0.21c-0.88,0.06-1.54,0.31-1.97,0.73c-0.33,0.33-0.5,0.77-0.5,1.27 c0,0.82,0.59,1.65,1.72,1.65c0.35,0,0.68-0.08,0.97-0.24l0.02,0.14h1.6L18.04,15.53z M16.37,14.18c0,0.02,0,0.06-0.02,0.11 c-0.07,0.2-0.26,0.41-0.61,0.41c-0.26,0-0.29-0.15-0.29-0.3c0-0.14,0.05-0.21,0.1-0.26c0.08-0.08,0.3-0.21,0.82-0.25V14.18z M30.51,8.95h1.63v7.09c0,0,0.05,0-0.73,0c-0.65,0-0.9,0-0.9,0V8.95z M34.29,13.05c0.54,0,0.95-0.42,0.95-0.99 c-0.02-0.57-0.41-0.98-0.94-0.98c-0.54,0-0.95,0.43-0.95,0.99C33.34,12.63,33.75,13.05,34.29,13.05z M34.3,14.18 c-0.54,0-0.95,0.43-0.95,0.99c0,0.56,0.41,0.98,0.94,0.98c0.54,0,0.95-0.42,0.95-0.99C35.22,14.59,34.83,14.18,34.3,14.18z
Lasso	M195.31,288.08c0.09-1.38-3.47-2.71-5.5-3.07c-1.86-0.32-1.09-1.97-3.85-2.4c-11.72-1.8-12.05,1.69-13.9,1.69 c-6.6,0-6.44,4-6.44,4s-1.14,0.17-1.69,0.79c-0.35,0.39-1.36,1.78-1.36,4.38c0,1.43,1.5,3.58,1.5,3.58s-2.18,1.02-2.19,2.73 c-0.02,3.66,1.86,3.26,1.86,3.26s0.39,1.54,1.57,1.77c1.18,0.22,1.83-0.44,2.12-0.49c0.47,0.47,0.4,2.75,0.4,2.75 s-1.22,1.82-1.36,1.94c0,0.43-1.7,2.85-1.7,2.85s5.03-3.08,5.53-4.78c0.5-1.7-0.2-1.43-0.28-2.12c-0.09-0.7,2.05-0.54,2.38-2.16 c0.1-0.49,1.95-1.92,1.95-1.92s3.77,0.32,4.79-1.32c0.28-0.45,1.86-0.2,2.89-0.54c1.03-0.34,1.53-1.29,2.23-1.55 c1.76-0.66,4.35-0.65,5.05-1.7c0-0.07,1.47-0.2,2.4-0.52C192.62,294.94,196.32,291.66,195.31,288.08z M168.26,302.29 c0,0,0.48-2.02-1.94-3.13c-1.61-0.74-2.07,1.78-2.35,1.74c0-0.23-1.28-1.99,1.85-2.95c1.17-0.36,2.6,1.17,2.94,1.96 C169.32,301.23,168.26,302.29,168.26,302.29z M190.21,292.9c-1.6,0.67-2.65,1.32-2.75,1.58c-0.7,0-2.33-0.07-3.51,0.33 c-1.39,0.48-2.43,1.6-2.44,1.73c-1.55,0-3.47,0.43-3.47,0.43s-1.56,0.73-1.25,1.87c-3.13-1.09-5.65,0.26-5.65,0.26 s0.27-2.38-2.17-3.22c-0.74-0.25-4.04-0.96-4.07-2.14c-0.09-3.26,1.61-3.36,2.34-3.95c1.18-0.96,2.03-3.27,2.03-3.27 s1.9,0.38,3.76-0.51c1.47-0.7,2.98-1.27,4.4-1.5c4.97-0.81,7.46,0.39,7.46,0.39s1.74,1.65,2.23,1.85c1.06,0.43,3.61,0.28,4.11,0.93 C192.89,289.83,191.81,292.23,190.21,292.9z
Line	M35.72,22.22c0,0-10.41-7.71-12.46-9.02s-12.6-9.28-12.6-9.28l1.63-1.8c0,0,8.73,6.17,13.51,9.62 s11.48,8.54,11.48,8.54L35.72,22.22z
LineSize	M32,6.38H0v-3c0,0,26.05,0,27.74,0s4.26,0,4.26,0V6.38z M32,1.5H0V0c0,0,25.35,0,27.25,0S32,0,32,0V1.5z M32,14.53H0v-6c0,0,27.92,0,28.85,0s3.15,0,3.15,0V14.53z M32,25.8H0v-9c0,0,27.96,0,29.65,0c1.69,0,2.35,0,2.35,0V25.8z
ListFld	M16.2,1.9l-0.8-0.7l-0.9,0.7c0,0,0.2-0.1,0.8-0.1C15.9,1.8,16.2,1.9,16.2,1.9zM16.3,10.6c0,0-0.5,0.1-1,0.1s-0.9-0.1-0.9-0.1l0.9,0.8L16.3,10.6zM11.4,9H2.8c-0.5,0-1,0.3-1,0.8s0.5,0.8,1,0.8h8.6c0.5,0,1-0.3,1-0.8S11.9,9,11.4,9zM2.8,3.5h8.6c0.5,0,1-0.3,1-0.8s-0.5-0.8-1-0.8H2.8c-0.5,0-1,0.3-1,0.8S2.3,3.5,2.8,3.5zM15.3,8.8c0.8,0.1,0.8-0.9,0.8-0.9l0.1-2.7c0,0,0.1-1-0.7-1.1c-0.8-0.1-0.9,1.1-0.9,1.1v2.6C14.6,7.8,14.6,8.7,15.3,8.8zM8.7,0H0v12.3c0,0,4.4,0,8.9,0c4.4,0,8.8,0,8.8,0V7.5V0H8.7z M13.2,0.9v3.6c-3.9,0-8,0-12.3,0V0.9H13.2z M12.1,6.1 c0,0.5-0.5,0.7-1,0.7H2.9C2.4,6.9,2,6.6,2,6.1s0.5-0.6,1-0.6h8.2C11.7,5.5,12.1,5.6,12.1,6.1z M0.9,11.6V7.9c0,0,5.4,0,6.4,0 s5.9,0,5.9,0v3.7H0.9z M13.9,0.9l2.9-0.1v1.4h-1.4h-1.5V0.9z M16.8,11.7h-2H14v-1.4h2.8V11.7z M16.8,9.8H15h-1V2.7h2.8V9.8z
LittleArrows	M91.6,8.2C96,14.3,96,21,96,21v92.8c0,0,0.8,5.9-5.4,8.8c-6.1,5.4-21.3,5.4-21.3,5.4l-48.7-0.7c0,0-14.4-1.7-17.5-4.6 S0,111.1,0,111.1L0,19c0,0,1.4-6.3,7.6-12.2c3.1-2.9,11.9-4.7,11.9-4.7L33.6,0l45.3,2.5C78.9,2.5,85.4,2.4,91.6,8.2z M83.3,18 c-4.2-4.8-21-6.8-34.7-6.8s-34.6,2.4-38.9,8.1S9,61.5,9,61.5l36.4,1l41.2-1.7C86.6,60.8,89.8,25.4,83.3,18z M86.6,66.2 c0,0-19.9,0.7-39.7,1C27,67.6,8.5,66.9,8.5,66.9s-2.5,43,1.2,46.6c3.8,3.6,25.6,6.1,37.5,6.1s31-0.8,36.1-6.8 C89.1,106.1,86.6,66.2,86.6,66.2z M75.1,46c3.1-2.9-28.9-17.9-28.9-17.9S14.7,43.1,17.8,46s15.7-4.8,28.7-4.4 C56.6,41.9,72,48.9,75.1,46z M46.8,91.9c-9.4-0.7-23.7-8.7-26.8-5.8s26.1,19.3,26.1,19.3S78.3,87.8,75,84.8 C71.9,81.9,53.7,92.4,46.8,91.9z
MarchingAnts	M117.43,296.09c0.03,0.03,0.06,0.06,0.09,0.09c0.07,0.07,0.14,0.14,0.21,0.22c0.08,0.09,0.16,0.17,0.23,0.23 c0.02,0,0.14,0,0.21,0c0.32-0.3,0.88-0.83,0.88-0.83c0-1.22,0-2.41,0-3.55c-0.15-0.16-0.28-0.29-0.41-0.44 c-0.15-0.16-0.31-0.33-0.41-0.44c-0.26,0-0.5,0-0.73,0c-0.09,0.09-0.18,0.18-0.27,0.27c-0.17,0.17-0.33,0.32-0.33,0.32 c0,1.28,0,2.56,0,3.58c0,0,0.03,0.03,0.07,0.07C117.13,295.78,117.28,295.94,117.43,296.09zM147.63,301.34c-0.06,0.06-0.12,0.12-0.19,0.19c-0.09,0.09-0.2,0.2-0.29,0.29c-0.05,0.05-0.09,0.09-0.12,0.12 c-0.06,0.06-0.11,0.11-0.18,0.18c0,0.46,0,1.05,0,1.59l-1.06,1.06c-1.2,0-2.4,0-3.58,0c-0.3,0.29-0.58,0.56-0.86,0.83 c0,0.26,0,0.49,0,0.68c0.09,0.1,0.2,0.22,0.32,0.34c0.17,0.19,0.35,0.38,0.52,0.55l5.43-0.06c0.2-0.04,0.33-0.21,0.46-0.41 l0.92-0.81c0-1.32,0-2.63,0-3.88c0,0-0.81-0.62-1.16-0.88C147.77,301.2,147.7,301.27,147.63,301.34zM124.22,281.31c-0.14-0.14-0.27-0.27-0.37-0.37c-0.04-0.04-0.08-0.08-0.13-0.13c-1.84,0-3.68,0-5.43,0 c-0.49,0.48-0.95,0.92-1.4,1.36c0,1.27,0,2.54,0,3.68c0.03,0.03,0.05,0.05,0.08,0.08c0.13,0.15,0.41,0.45,0.57,0.62 c0.18,0,0.42,0,0.67,0c0.27-0.28,0.55-0.56,0.84-0.85c0-0.55,0-1.11,0-1.72c0.43-0.33,0.89-0.67,1.37-1.03c1.08,0,2.2,0,3.22,0 c0.06-0.04,0.12-0.08,0.17-0.12c0.04-0.03,0.09-0.06,0.14-0.1c0.02-0.01,0.04-0.03,0.06-0.04c0.07-0.05,0.15-0.1,0.22-0.15 c0.11-0.07,0.21-0.14,0.31-0.21c0-0.22,0-0.46,0-0.7c-0.04-0.04-0.1-0.1-0.16-0.16C124.34,281.44,124.28,281.38,124.22,281.31zM148.2,291.36c-0.25,0-0.49,0-0.72,0c-0.2,0.2-0.4,0.4-0.56,0.56c0,1.34,0,2.64,0,3.68c0.43,0.43,0.7,0.7,1.03,1.03 c0.01,0,0.13,0,0.25,0c0.28-0.28,0.56-0.56,0.84-0.84c0-1.2,0-2.39,0-3.59C148.75,291.92,148.47,291.63,148.2,291.36zM127.97,304.81c0,0-0.83,0.38-0.76,1.06c0.01,0.09,0.03,0.19,0.09,0.31c0.11,0.11,0.25,0.24,0.4,0.38 c0.12,0.11,0.24,0.23,0.35,0.33c0.08,0.07,0.15,0.14,0.23,0.21c0.04,0.03,0.06,0.06,0.06,0.06l7.12,0.02c0,0,0.1-0.07,0.24-0.17 c0.01,0,0.01-0.01,0.02-0.01c0.19-0.14,0.45-0.32,0.66-0.47c0.06-0.04,0.12-0.08,0.17-0.12c0-0.32,0-0.56,0-0.72 c-0.31-0.34-0.57-0.63-0.79-0.87C133.12,304.81,130.54,304.81,127.97,304.81zM145.42,282.98c0.53,0.53,0.98,0.97,1.48,1.48c0,0.37,0,0.84,0,1.21c0.21,0.3,0.37,0.53,0.52,0.75 c0.03,0.05,0.07,0.1,0.09,0.13c0.24,0,0.48,0,0.57,0c0.13-0.11,0.28-0.24,0.42-0.37c0.19-0.17,0.36-0.32,0.52-0.46 c0-1.23,0-2.42,0-3.6c-0.02-0.02-0.03-0.03-0.05-0.05c-0.07-0.07-0.22-0.22-0.41-0.4c-0.03-0.03-0.05-0.05-0.08-0.08 c-0.06-0.06-0.13-0.13-0.2-0.2c-0.09-0.09-0.18-0.18-0.28-0.28c-0.1-0.1-0.2-0.2-0.28-0.28c-1.21,0-2.43,0-3.44,0 c-0.08,0.07-0.14,0.12-0.22,0.18c-0.08,0.06-0.17,0.14-0.26,0.22c-0.14,0.11-0.26,0.21-0.37,0.3c-0.06,0.04-0.11,0.09-0.14,0.12 c0,0.3,0,0.53,0,0.68c0.33,0.24,0.6,0.43,0.9,0.65C144.63,282.98,145.1,282.98,145.42,282.98zM121.8,304.77c-0.58,0-1.13,0-1.58,0l-1.2-1.09c0-0.58,0-1.14,0-1.66c0,0-0.04-0.03-0.11-0.09 c-0.01-0.01-0.02-0.02-0.04-0.03c-0.11-0.09-0.28-0.22-0.46-0.35c-0.18-0.14-0.37-0.29-0.55-0.42c-0.28,0.25-0.5,0.44-0.7,0.62 c-0.16,0.14-0.28,0.25-0.28,0.25c0,1.33,0,2.6,0,3.68l1.42,1.47l3.17,0.03c0.01-0.01,0.02-0.02,0.03-0.03 c0.06-0.05,0.18-0.17,0.32-0.3c0.07-0.06,0.14-0.13,0.21-0.2c0.2-0.19,0.41-0.38,0.53-0.49c0.05-0.12,0.07-0.22,0.07-0.31 C122.68,305.14,121.8,304.77,121.8,304.77zM130.24,280.82c-0.31,0.29-0.6,0.57-0.87,0.83c0,0.26,0,0.5,0,0.73c0.2,0.2,0.4,0.4,0.59,0.6l7.92,0c0,0,0.4-0.4,0.6-0.6 c0-0.23,0-0.47,0-0.73c-0.28-0.27-0.56-0.55-0.85-0.83C135.16,280.82,132.68,280.82,130.24,280.82z
Notation-e	M8.62,5.21C9.21,6.03,9.64,7,9.68,8.03V8.1c0,0.53-0.2,1.26-0.23,1.34C9.39,9.56,9.33,9.62,9.26,9.62 c-0.01,0-0.05,0-0.07-0.01C9.13,9.57,9.05,9.49,9.05,9.37c0-0.05,0-0.08,0.02-0.13c0.16-0.36,0.22-0.76,0.22-1.13 c0-0.49-0.11-0.94-0.22-1.23C8.66,5.73,7.96,5.45,7.55,5.37v6.45c0,0.92-1.2,1.82-2.17,1.82c-0.59,0-1.05-0.35-1.05-0.91 c0-0.94,0.96-1.82,2.16-1.82c0.31,0,0.58,0.08,0.77,0.25V3.03c0-0.1,0.04-0.1,0.1-0.1h0.06c0.08,0,0.17,0.02,0.21,0.18 C7.79,3.89,8.16,4.57,8.62,5.21z
Notation-h	M5.35,12.54c0-0.58,0.52-1.88,2.21-1.88c0.34,0,0.62,0.1,0.81,0.27V3.11h0.29v8.49 c0,0.37-0.38,1.87-2.22,1.87C5.82,13.47,5.35,13.13,5.35,12.54z M5.67,12.56c0,0.07,0.04,0.16,0.08,0.22 c0.07,0.14,0.2,0.26,0.44,0.26c0.24,0,0.59-0.13,1.1-0.46c0.79-0.51,1.02-0.78,1.02-1.01c0-0.07-0.03-0.15-0.08-0.21 c-0.07-0.15-0.19-0.24-0.4-0.24c-0.23,0-0.59,0.12-1.14,0.44C5.91,12,5.67,12.32,5.67,12.56z
Notation-q	M8.32,3.13h0.29v8.49c0,0.92-1.2,1.83-2.17,1.83c-0.59,0-1.05-0.34-1.05-0.91c0-0.95,0.96-1.83,2.16-1.83 c0.31,0,0.58,0.08,0.77,0.25V3.13z
Notation-s	M9.47,7.97c0.17,0.34,0.28,0.71,0.28,1.1v0.19c0,0.45-0.04,0.97-0.07,1.02 c-0.06,0.12-0.12,0.16-0.19,0.16c-0.04,0-0.05-0.02-0.09-0.03c-0.05-0.01-0.12-0.1-0.12-0.21c0-0.02,0-0.05,0.01-0.08 c0.05-0.29,0.07-0.56,0.07-0.82c0-0.49-0.08-0.93-0.3-1.37c-0.53-1.1-1.1-1.29-1.61-1.33v5.19c0,0.92-1.2,1.82-2.16,1.82 c-0.59,0-1.05-0.34-1.05-0.91c0-0.94,0.96-1.82,2.16-1.82c0.3,0,0.58,0.08,0.77,0.25v-8.2h0.14c0.06,0,0.17,0.01,0.2,0.11 c0.15,0.98,0.67,1.13,1.16,1.66c0.67,0.72,0.9,0.97,1,1.6c0.02,0.11,0.02,0.22,0.02,0.33c0,0.57-0.2,1.12-0.23,1.18 C9.46,7.85,9.46,7.86,9.46,7.88C9.46,7.92,9.47,7.95,9.47,7.97z M9.36,6.75c0-0.3-0.1-0.58-0.26-0.82c-0.3-0.45-0.8-0.96-1.35-0.96 H7.67c-0.06,0-0.12,0.05-0.12,0.08c0,0.01,0,0.02,0.01,0.04c0.2,0.75,0.61,0.97,1.04,1.47c0.2,0.22,0.35,0.4,0.5,0.63 c0.02,0.04,0.04,0.04,0.07,0.04c0.05,0,0.1-0.02,0.11-0.05C9.32,7.1,9.32,7,9.35,6.93C9.36,6.87,9.36,6.81,9.36,6.75z
Notation-t	M9.73,10.25c0,0.43-0.04,0.88-0.07,0.92c-0.07,0.11-0.13,0.15-0.19,0.15c-0.02,0-0.04-0.01-0.07-0.01 c-0.07-0.04-0.12-0.12-0.12-0.24v-0.06c0.05-0.28,0.08-0.56,0.08-0.82c0-0.47-0.08-0.91-0.3-1.34C8.54,7.78,7.98,7.61,7.48,7.57 v5.18c0,0.92-1.2,1.82-2.16,1.82c-0.59,0-1.06-0.34-1.06-0.91c0-0.94,0.96-1.82,2.16-1.82c0.3,0,0.58,0.08,0.78,0.25V2.13 c0,0,0.05-0.12,0.11-0.12c0.06,0,0.18,0.1,0.19,0.2C7.68,3.17,8.2,3.32,8.68,3.85C9.34,4.56,9.56,4.82,9.66,5.4 C9.68,5.5,9.68,5.59,9.68,5.68c0,0.37-0.09,0.78-0.19,1.03c0.08,0.16,0.14,0.34,0.18,0.56C9.68,7.39,9.69,7.5,9.69,7.61 c0,0.56-0.2,1.09-0.21,1.15C9.46,8.79,9.46,8.8,9.46,8.82s0,0.05,0.01,0.08c0.15,0.34,0.23,0.72,0.26,1.09V10.25z M9.34,7.65 c0-0.28-0.08-0.54-0.24-0.78C8.8,6.42,8.31,5.94,7.69,5.94c-0.05,0-0.12,0.11-0.12,0.12C7.76,6.81,8.19,7,8.61,7.5l0.05,0.05 c0.16,0.2,0.29,0.37,0.44,0.57c0.01,0.04,0.05,0.05,0.07,0.05c0.05,0,0.1-0.04,0.11-0.07C9.3,8.03,9.3,7.96,9.33,7.88 C9.34,7.81,9.34,7.73,9.34,7.65z M9.36,5.68c0-0.14-0.04-0.28-0.14-0.47c-0.53-0.9-1.11-1.12-1.64-1.12 c0.16,0.93,0.63,1.1,1.1,1.62c0.22,0.24,0.4,0.42,0.54,0.6c0.05-0.17,0.1-0.33,0.12-0.42C9.34,5.82,9.36,5.75,9.36,5.68z
Notation-w	M9.34,8.28c0.07,0.76-0.59,1.41-2.41,1.41c-1.65,0-2.29-0.68-2.29-1.41c0-0.77,0.92-1.39,2.41-1.39 C8.09,6.89,9.26,7.43,9.34,8.28z M7.45,9.41c0.51,0,0.72-0.37,0.68-0.77c-0.04-0.4-0.61-1.48-1.37-1.48 c-0.34,0-0.79,0.08-0.89,0.43S5.73,9.41,7.45,9.41z
Notation-w2	M9.34,6.23v4.11c0,0.07-0.05,0.14-0.13,0.14c-0.09,0-0.15-0.06-0.15-0.14V9.98c0,0-0.12-0.22-0.26-0.22 H5.17c-0.1,0-0.23,0.13-0.23,0.26v0.32c0,0.07-0.06,0.14-0.14,0.14s-0.14-0.06-0.14-0.14V6.23c0-0.08,0.07-0.15,0.14-0.15 s0.14,0.07,0.14,0.15v0.42c0,0,0.12,0.26,0.2,0.26H8.8c0.12,0,0.26-0.08,0.26-0.28v-0.4c0-0.08,0.06-0.15,0.15-0.15 C9.29,6.09,9.34,6.16,9.34,6.23z M4.94,8.52c0,0.21,0.23,0.36,0.63,0.36h2.9c0.36,0,0.6-0.11,0.6-0.36V8.11 c0-0.19-0.23-0.32-0.6-0.32H5.53c-0.42,0-0.58,0.12-0.58,0.38V8.52z
Notation-w4	M3.65,9.94V6.63c0-0.04,0.34-0.04,0.34,0v3.31C3.99,9.98,3.65,9.98,3.65,9.94z M4.29,9.94V6.63 c0-0.04,0.36-0.04,0.36,0v3.31C4.65,9.98,4.29,9.98,4.29,9.94z M9.34,8.28c0.07,0.76-0.59,1.4-2.41,1.4c-1.65,0-2.29-0.67-2.29-1.4 c0-0.77,0.92-1.39,2.41-1.39C8.09,6.89,9.26,7.43,9.34,8.28z M7.45,9.41c0.51,0,0.72-0.37,0.68-0.77c-0.04-0.4-0.61-1.48-1.37-1.48 c-0.34,0-0.79,0.08-0.89,0.43S5.73,9.41,7.45,9.41z M9.35,9.94V6.63c0-0.04,0.36-0.04,0.36,0v3.31C9.71,9.98,9.35,9.98,9.35,9.94z M9.98,9.94V6.63c0-0.04,0.37-0.04,0.37,0v3.31C10.35,9.98,9.98,9.98,9.98,9.94z
Notation-x	M9.73,10.94v0.28c0,0.41-0.04,0.86-0.06,0.92c-0.07,0.1-0.13,0.14-0.19,0.14c-0.02,0-0.04,0-0.07-0.01 c-0.07-0.04-0.12-0.12-0.12-0.23v-0.07c0.05-0.28,0.08-0.55,0.08-0.82c0-0.46-0.08-0.9-0.3-1.34C8.54,8.73,7.98,8.56,7.48,8.52 v5.19c0,0.92-1.2,1.82-2.16,1.82c-0.59,0-1.05-0.34-1.05-0.91c0-0.94,0.96-1.82,2.16-1.82c0.3,0,0.58,0.08,0.78,0.25V1.16 c0,0,0.05-0.12,0.11-0.12c0.06,0,0.18,0.09,0.19,0.18C7.68,2.19,8.2,2.35,8.68,2.87c0.66,0.72,0.88,0.97,0.98,1.56 C9.68,4.52,9.68,4.62,9.68,4.7c0,0.4-0.12,0.83-0.2,1.08c0.09,0.17,0.15,0.36,0.19,0.59c0.01,0.08,0.01,0.17,0.01,0.27 c0,0.37-0.09,0.78-0.19,1.03C9.57,7.82,9.63,8,9.66,8.22c0.01,0.12,0.02,0.23,0.02,0.34c0,0.56-0.2,1.1-0.21,1.15 C9.46,9.73,9.46,9.76,9.46,9.77c0,0.04,0,0.05,0.01,0.08C9.62,10.2,9.71,10.56,9.73,10.94z M9.34,8.6c0-0.28-0.08-0.53-0.24-0.78 C8.8,7.38,8.31,6.89,7.69,6.89C7.65,6.9,7.57,6.99,7.57,7.01c0.19,0.75,0.62,0.96,1.04,1.44L8.66,8.5c0.16,0.2,0.29,0.37,0.44,0.59 c0.01,0.02,0.05,0.04,0.07,0.04c0.05,0,0.1-0.04,0.11-0.07C9.3,8.98,9.3,8.91,9.33,8.84C9.34,8.76,9.34,8.68,9.34,8.6z M9.36,4.71 c0-0.14-0.04-0.28-0.14-0.47C8.69,3.35,8.12,3.12,7.58,3.12c0.01,0,0.01,0.02,0.01,0.04C7.75,4.12,8.2,4.28,8.68,4.8 C8.9,5.05,9.07,5.22,9.21,5.39l0.13-0.49C9.34,4.85,9.36,4.79,9.36,4.71z M9.36,6.63c0-0.12-0.04-0.27-0.14-0.46 C8.69,5.26,8.11,5.03,7.58,5.03c0.16,0.95,0.63,1.1,1.1,1.62c0.22,0.24,0.4,0.43,0.54,0.6c0.05-0.17,0.1-0.33,0.12-0.42 C9.34,6.77,9.36,6.7,9.36,6.63z
OptionMenu	M20.19,5.14h-8.33V4.85h-0.02v-1l8.53-0.22l9.06,0.22l0.04,1.29H20.19z M38.66,11.29c0.25,0.01,0.89-0.81,1.52-0.81 c0.64,0,1.35,0.84,1.68,0.81c0.33-0.03,0.37-0.12,0.17-0.36c-0.46-0.54-1.12-0.7-1.56-1.24c-0.21-0.25-0.41-0.24-0.62,0 c-0.46,0.54-0.93,0.7-1.39,1.24C38.27,11.17,38.41,11.27,38.66,11.29z M45.61,12.71c-0.1,1.51-0.44,2.48-1.26,3.02 c-0.36,0.23-4.04,0.35-8.5,0.4c-0.01,2.42-0.06,5.08-0.06,5.08s0.05,1.38-0.57,1.96c-0.62,0.59-2.1,0.75-2.82,0.75L9.76,24 c0,0-2.21-0.05-2.82-0.89c-0.55-0.73-0.76-1.18-0.83-1.85l-0.06,0.03l0.01-5.33c-0.91-0.04-1.56-0.08-1.77-0.14 c-1.19-0.32-1.74-1.8-1.74-3.82s0-2.97,1.48-3.63c0.41-0.18,1.12-0.31,2.04-0.4l0.01-3.97c0,0-0.27-1.53,0.9-3.08 C7.59,0.08,9.71,0,9.71,0l9.61,0.03C19.88,0.05,32.51,0.2,32.51,0.2s2.22,0.2,2.81,0.73c0.59,0.53,0.66,1.83,0.66,1.83l-0.07,5.11 c4.31,0.07,8.25,0.22,8.71,0.55C45.28,8.89,45.73,10.8,45.61,12.71z M36.89,9.24c-0.24,0.14-0.35,1.27-0.39,2.48l7.74,0.01 c-0.06-0.97-0.23-2.18-0.32-2.28C43.8,9.33,41.1,9.1,39.72,9.08C38.34,9.06,37.07,9.13,36.89,9.24z M19.76,11.28l-9.06,0.07v1.36 l9.56,0.22l9.32-0.14v-1.43L19.76,11.28z M7.69,7.86c2.39-0.11,5.6-0.09,8.96-0.1l13.56,0.05c1.34,0,2.8,0.01,4.26,0.03 c0.08-1.75,0.21-5.5-0.23-5.93C33.67,1.35,8.39,1.37,7.91,1.85c-0.14,0.14-0.2,0.76-0.23,1.57L7.69,7.86z M5.52,9.53 c-1.21,0.36-1.47,0.64-1.47,2.53c0,1.89,0.37,1.69,1.46,2.23L5.52,9.53z M34.28,16.14c-5.4,0.05-11.47,0.01-14.1-0.03 c0,0-7.64,0.01-12.36-0.11c-0.03,1.47-0.1,4.47-0.1,4.47c0.01,0.21,0.44,1.5,1.18,1.72c2.23,0.66,7.28,0.23,12.1,0.28 c6.66,0.07,13.38,0.47,13.38-0.99L34.28,16.14z M44.25,12.41c0-0.07,0-0.15,0-0.23l-7.77,0.11c-0.02,1.33,0.03,2.59,0.11,2.63 c0.15,0.09,1.32,0.11,2.69,0.09c1.36-0.02,4.35-0.14,4.48-0.23C43.87,14.69,44.22,13.37,44.25,12.41z M11.84,18.46v1h0.07v0.29 l8.76,0.22l8.83-0.22v-1h-0.04v-0.29H11.84z M41.67,12.71c-0.24-0.02-0.83,0.81-1.43,0.81s-1.27-0.84-1.57-0.81 s-0.34,0.12-0.16,0.36c0.43,0.54,1.05,0.71,1.47,1.25c0.2,0.26,0.38,0.24,0.58,0c0.43-0.54,0.87-0.71,1.3-1.25 C42.03,12.83,41.91,12.73,41.67,12.71z
Palette	M12 2C6.49 2 2 6.49 2 12s4.49 10 10 10a2.5 2.5 0 0 0 2.5-2.5c0-.61-.23-1.2-.64-1.67a.528.528 0 0 1-.13-.33c0-.28.22-.5.5-.5H16c3.31 0 6-2.69 6-6c0-4.96-4.49-9-10-9zm5.5 11c-.83 0-1.5-.67-1.5-1.5s.67-1.5 1.5-1.5s1.5.67 1.5 1.5s-.67 1.5-1.5 1.5zm-3-4c-.83 0-1.5-.67-1.5-1.5S13.67 6 14.5 6s1.5.67 1.5 1.5S15.33 9 14.5 9zM5 11.5c0-.83.67-1.5 1.5-1.5s1.5.67 1.5 1.5S7.33 13 6.5 13S5 12.33 5 11.5zm6-4c0 .83-.67 1.5-1.5 1.5S8 8.33 8 7.5S8.67 6 9.5 6s1.5.67 1.5 1.5z
Pencil	M230.25,280.93c-1.95-0.82-4.54-0.31-5.41-0.31c-0.58,0.58-11.51,21.2-11.51,21.2s0,6.54,0,9.83 c0.28,0.27,0.56,0.55,0.85,0.84c0.23,0,0.47,0,0.71,0c0.57-0.56,7.41-7.42,7.41-7.42s10.7-18.88,11.15-19.38 C233.46,285.13,232.01,281.67,230.25,280.93z M216.19,308.54c0,0-1.4-0.52-1.41-0.54c-0.04-0.08,0.12-2.17,0.12-2.17l2.15,0.65 l0.92,0.26L216.19,308.54z M221.1,303.84c0,0-2.96,0.92-4.39,0.97c-0.41-0.46-0.76-0.86-1.18-1.33c0-0.66,0-2.26,0-2.26l6.68-12.18 c0,0,1.74-0.08,2.95,0.58c1.3,0.71,2.52,2.4,2.52,2.4L221.1,303.84z M225.96,287.86c-1.21-0.66-2.56-0.99-2.56-0.99 s0.85-3.19,2.27-4.39c1.17-0.99,2.17-0.58,3.64,0.05c1.48,0.63,2.14,2.6,2.14,2.6l-2.71,4.99 C228.74,290.12,227.6,288.75,225.96,287.86z
Pencil-Fill	M224.33,280.48c-1.95-0.82-4.54-0.31-5.41-0.31c-0.58,0.58-2.12,4.08-2.3,4.1c-0.43,0.43-4.16,7.78-4.43,8.25 c-0.25,0.43-4.78,8.86-4.78,8.86s0,6.54,0,9.83c0.28,0.27,0.56,0.55,0.85,0.84c0.23,0,0.47,0,0.71,0c0.57-0.56,1.13-1.13,1.7-1.69 c0.59-0.59,1.19-1.18,1.78-1.78c0.57-0.56,1.14-1.12,1.69-1.7c0.55-0.57,2.08-2.25,2.25-2.25c0.45-0.45,10.7-18.88,11.15-19.38 C227.54,284.68,226.09,281.22,224.33,280.48z M215.32,303.6c0,0.1-3.1,0.7-4.54,0.76c-0.41-0.46-0.76-0.86-1.18-1.33 c0-0.66,0-2.26,0-2.26s5.96-11.24,5.96-12.18c0.57,0,2.46-0.08,3.67,0.58c1.3,0.71,1.92,2.16,2.09,2.4 C221.33,292.34,215.79,303.11,215.32,303.6z M223.06,288.59c-1.25,0.67-1.38-0.3-3.02-1.19c-1.21-0.66-2.56-0.99-2.56-0.99 s1.14-2.61,2.56-3.81c1.17-0.99,2.59-0.67,3.36-0.24c1.32,0.73,1.99,2.6,1.99,2.6S224.13,288.02,223.06,288.59z M219.24,289.17c-1.22-0.66-3.1-0.58-3.67-0.58c0,0.95-5.96,12.18-5.96,12.18s0,1.6,0,2.26 c0.41,0.47,0.77,0.87,1.18,1.33c1.44-0.06,4.54-0.66,4.54-0.76c0.47-0.49,6.01-11.26,6.01-12.03 C221.16,291.34,220.54,289.88,219.24,289.17z M223.39,282.36c-0.77-0.43-2.18-0.75-3.36,0.24c-1.43,1.2-2.56,3.81-2.56,3.81s1.35,0.33,2.56,0.99 c1.64,0.89,1.77,1.86,3.02,1.19c1.07-0.57,2.32-3.63,2.32-3.63S224.71,283.1,223.39,282.36z
Player	M10.94-0.21v24h28v-24c0,0-10.63,0-13.77,0S10.94-0.21,10.94-0.21z M36.86,21.91H13.1l0.1-20.24c0,0,7.53,0,11.91,0 s11.75,0,11.75,0V21.91z M24.55,21.17c0.07,0,0.13,0,0.2,0c7.02-0.09,10.08-5.52,10.41-9.13c0.17-1.87-0.62-4.86-2.78-6.99 c-1.72-1.7-4.08-2.6-6.82-2.62c-0.03,0-0.06,0-0.08,0c-6.07,0-10.12,4.31-10.5,8.85c-0.29,3.4,0.53,5.26,2.7,7.39 C19.37,20.33,21.68,21.17,24.55,21.17z M18.12,7.15c1.63-2.23,3.95-3.47,7.36-3.47c0.03,0,0.05,0,0.08,0 c2.38,0.01,4.34,0.75,5.8,2.21c2,1.98,2.54,4.69,2.42,6.04c-0.2,2.19-2.23,7.89-9.05,7.98c-2.56,0.02-4.58-0.67-6.03-2.1 c-1.55-1.52-2.15-3.27-2.2-4.99C16.45,11.12,16.6,9.23,18.12,7.15z M21.66,6.91v9.79c0,0,3.47-2.06,4.57-2.63c1.1-0.57,4.07-2.34,4.07-2.34L21.66,6.91z
Pointer	M154.1,148.94c-0.81,0-1.54-0.45-1.9-1.18l-4.07-7.89l-3.12,2.15c-0.16,0.1-0.48,0.23-1.46,0.23 c-0.31,0-0.61-0.08-0.88-0.22c-0.6-0.32-0.98-0.94-0.99-1.63l-0.03-17.78c-0.01-0.77,0.46-1.48,1.18-1.76 c0.22-0.09,0.45-0.13,0.69-0.13c0.52,0,1.03,0.22,1.38,0.61l11.04,11.19c0.38,0.42,0.56,0.97,0.49,1.51 c-0.07,0.55-0.38,1.04-0.84,1.34l-3.87,2.52l4.28,7.96c0.53,1.06,0.1,2.34-0.95,2.86C154.75,148.86,154.42,148.94,154.1,148.94z
Pointer-move	M52.06,43.95c1.26,0,2.55,0,4.13,0c-0.67-3.16,0.82-4.34,3.74-3.84c0-1.58,0-2.86,0-4.19 c-1.32-0.08-2.46-0.15-3.69-0.22c-0.11-1.33-0.21-2.52-0.32-3.75c-1.42,0-2.63,0-3.97,0c-0.11,1.31-0.22,2.51-0.33,3.79 c-2.13,0-4.04,0.11-5.93-0.07c-0.55-0.05-1.39-0.86-1.46-1.41c-0.2-1.47-0.19-3.01,0.02-4.48c0.08-0.59,0.8-1.28,1.4-1.56 c0.62-0.29,1.44-0.15,2.31-0.2c0-1.4,0-2.68,0-4.07c-1.33-0.11-2.53-0.2-3.76-0.3c-0.09-1.33-0.16-2.46-0.24-3.64 c-1.43,0-2.71,0-4.01,0c-0.08,1.33-0.15,2.46-0.23,3.69c-1.35,0.1-2.55,0.19-3.73,0.27c0,1.45,0,2.66,0,3.97 c1.34,0.1,2.54,0.18,3.69,0.27c0,2.64,0,5.02,0,7.4c-2.6,0-5.03,0-7.47,0c-0.09-1.34-0.17-2.47-0.26-3.64c-1.45,0-2.72,0-4.03,0 c-0.08,1.33-0.15,2.47-0.23,3.71c-1.34,0.09-2.53,0.17-3.69,0.26c0,1.49,0,2.7,0,4.01c1.34,0.1,2.54,0.18,3.71,0.27 c0.1,1.39,0.18,2.52,0.26,3.7c1.46,0,2.74,0,3.46,0c0.78-1.49,1.13-3.29,2-3.58c1.57-0.53,3.45-0.23,5.19-0.12 c0.39,0.02,1.04,0.67,1.06,1.05c0.1,2.12,0.05,4.25,0.05,6.37c-1.46,0.12-2.59,0.22-3.7,0.31c0,1.47,0,2.74,0,4.01 c1.34,0.1,2.48,0.18,3.69,0.26c0.08,1.36,0.16,2.55,0.23,3.73c1.51,0,2.73,0,4.25,0c-0.76-3.26,0.91-4.26,3.74-3.86 c0-1.58,0-2.86,0-4.12c-3.93-0.49-3.9-0.49-3.78-5.56c0.03-1.31,0.16-2.17,1.84-2.27C51.36,39.81,51.36,39.75,52.06,43.95zM27.98,28.17L0,39.93C0,26.58,0,13.38,0,0L27.98,28.17z
ProgressBar	M0,0l0.01,11.2h67.07V0H0z M64.08,9.74H25.25c-0.02,0-0.03-1.6-0.03-3.39c0-2.29,0.01-4.89,0.03-4.89h38.82V9.74z
PullDownMenu	M248.59,70.6c-6.78-6.21-19.78-5.33-19.78-5.33l-118.9-.22.17-49.25a22.16,22.16,0,0,0-5.76-11.18c-6-6-25.79-4.84-25.79-4.84L49.91,0-.6-.33l-.71,83,75.6-1L74.64,182s-1,16.35,7.75,24.72c5.94,5.68,27,5.46,27,5.46s81.87.29,120.56.35c4,0,15.65,1,20.54-5.43s3-20.43,3-27.77c.08-39.94.37-91.66.37-91.66S255.37,76.81,248.59,70.6ZM80.53,34.37C74.89,41.8,69,44.06,63.27,51.44c-2.63,3.4-4.92,3.64-7.65.08C50,44.12,41.85,41.84,36.2,34.42c-2.54-3.34-2-4.63,2.18-5,3.09-.26,12.91,11.07,20.78,11.07s16-11.33,19.14-11.07C82.47,29.78,83.05,31.05,80.53,34.37ZM237.31,82v40.73H90.75V82ZM206.63,132V145h-90.8V132ZM90.75,196.14V155.9H237.31v40.24Z M210.34,94.51H112.85v15.41h97.49Z M112.94,183.93h97.42V168.41H112.94Z
RadioButton	M42.06,0.7c-15.54,0-21.83,3.39-29.24,10.81C5.44,18.91,0.68,28.65,0.7,38.94c0.04,21.39,16.76,38.83,38.13,38.88 c0,0,16.5,0,28.19-13.27c5.92-6.72,10-15.71,10.03-25.44C77.11,17.72,57.6,0.7,42.06,0.7z M8.01,38.76 C8.05,22.52,22.64,7.8,38.82,7.75c0,0,11.04-0.25,20.39,8.17c5.93,5.34,10.35,15.21,10.32,23.09C69.48,55.2,55.28,70.14,39.03,70.24 c0,0-9.77,1.05-21.68-9.61C11.45,55.33,7.99,46.8,8.01,38.76z M54.11,38.33c0.07-8.43-6.67-15.32-15.05-15.39 c-8.36-0.07-15.28,6.76-15.34,15.12c-0.06,8.43,6.68,15.29,15.07,15.35C47.29,53.47,54.04,46.82,54.11,38.33z
Rectangle	M186.79,402.91h-28.54v-18.52h28.54V402.91z M160.25,400.91h24.54v-14.52h-24.54V400.91z
RectangleButton	M47.02,4.14C46.99,4.14,44.15,4,44.15,4l-0.27-3.35L3.79,0.61c0,0-2.29-0.15-2.83,0.5 c-0.27,0.33-0.08,3.07-0.09,6.4c-0.02,5.68-0.07,13.06-0.07,13.06c0.07,1.14,3.77,0.76,3.77,0.76s-0.16,2.24,0.19,2.24 c0.66,0,42.47-0.17,42.47-0.17S47.22,20.38,47.02,4.14z M3.08,18.69V2.56l39.1-0.04c0.39,3.11,0.24,16.28,0.24,16.28L3.08,18.69z M10.91,10.65c0.25-0.27,0.5-0.68,0.5-1.08c0-0.54-0.13-0.95-0.5-1.22c-0.38-0.27-0.88-0.41-1.51-0.41c-0.5,0-0.88,0-1.26,0.14 H7.9v5.68h0.25c0.13,0,0.5,0.14,1.01,0.14c0.88,0,1.51-0.14,1.88-0.54c0.38-0.41,0.5-0.81,0.5-1.35 C11.54,11.32,11.29,10.92,10.91,10.65z M10.16,9.57c0,0.41-0.38,0.54-0.75,0.54H9.16V9.02c0.13,0,0.13,0,0.25,0 C10.16,9.02,10.16,9.43,10.16,9.57z M9.16,11.32h0.25c0.38,0,1.01,0.14,1.01,0.68c0,0.41-0.25,0.68-1.01,0.68 c-0.13,0-0.13,0-0.25,0V11.32z M15.44,7.81h1.26v3.38c0,1.62-0.75,2.57-2.14,2.57c-1.38,0-2.01-0.95-2.01-2.57V7.81h1.26v3.52 c0,0.54,0.13,1.35,0.88,1.35c0.25,0,0.88,0,0.88-1.35L15.44,7.81L15.44,7.81z M17.32,7.81h4.27v1.22h-1.51v4.73h-1.26V9.02h-1.51 V7.81L17.32,7.81z M21.97,7.81h4.27v1.22h-1.51v4.73h-1.26V9.02h-1.51V7.81L21.97,7.81z M28.88,7.81c-1.51,0-2.64,1.22-2.64,3.11 c0,1.76,1.01,2.97,2.51,2.97c1.26,0,2.64-0.95,2.64-3.11C31.39,9.02,30.39,7.81,28.88,7.81z M28.88,9.02 c0.88,0,1.26,0.95,1.26,1.76c0,0.95-0.38,1.89-1.26,1.89c-0.88,0-1.26-0.95-1.26-1.76C27.62,9.97,27.88,9.02,28.88,9.02z M36.54,7.81v5.95h-1.13l-1.63-2.84c-0.13-0.14-0.25-0.41-0.25-0.54c0,0.27,0,0.54,0,0.81v2.57h-1.26V7.81h1.13l1.63,2.84 c0.13,0.14,0.13,0.27,0.25,0.41c0-0.27,0-0.41,0-0.68V7.81L36.54,7.81L36.54,7.81z
Resource	M183.02,94.85h-42.89c-1.25-6.3-5.02-8.74-11.32-9.1c-0.24-2.77,0.07-5.48-0.81-7.71c-0.89-2.25-2.6-4.7-4.63-5.8c-1.96-1.07-2.76-1.91-3.07-4.08c-1.48-10.39-5.4-9.46-12.77-10.21c-0.13-0.01-0.27-0.09-0.51-0.19c-0.88-3.23-1.4-6.69-2.78-9.76c-1.43-3.19-3.7-6-5.67-9.09c6.25-8.21,6.23-15.21,0.45-23.67c-2.74-4-6.09-4.65-10.04-3.17c-2.81,1.06-5.32,2.93-7.82,4.35c-2.14-2.33-3.82-5.51-6.44-6.77C67.2,6.01,59.52,1.36,51.5,0.41C38.72-1.11,25.92,1.71,14.1,7.36C7.05,10.73,1.75,16.05,0.18,23.88c-0.65,3.22,0.68,6.8,0.72,10.22c0.04,2.68-1.23,14.53,0.41,17.8c2.04,4.08,3.96,4.96,7.32,5.73c3.86,0.88,8.18-2.94,8.18-6.97c0-10.94-10.05-14.18-11.67-15.87c2.56-2.44,4.72-9.34,4.72-9.34L22,26.57c0,0-1.24,6.93,5.11,8.37c1.35,2.49,3.71,13.6,3.99,14.93c0.97,4.77,4.53,8.18,8.24,11.53c-10.42,5.78-11.22,10.28-2.82,19.04c6.35,6.62,11.76,8.72,20.62-1.8c2.98,4.77,6.51,8.79,12.77,8.22c1.93-0.18,3.85-0.49,5.77-0.72c4.61-0.53,8.18,0.62,10.09,5.41c0.52,1.3,1.81,2.55,3.11,3.3c0,0-7.1,0.39-11.44,0.96c-4.34,0.57-21.14,7.79-21.3,14.75c-0.75,33.18-1.24,68.68-1.77,101.87c-0.04,2.66,0.49,5.34,0.83,8c0.58,4.47,2.63,6.57,7.68,6.6c27.21,0.17,54.42,0.86,81.63,1.07c10.75,0.08,21.5-0.74,32.25-0.94c1.79-0.03,2.97-0.49,3.75-1.3l0,0.55l16.11-16.26c0,0,1.1-110.71,0-113.17S183.02,94.85,183.02,94.85z M122.59,81.24c1.2,2.82-2.61,12.18-4.38,13.61s-8.21,6.95-12.09,7.25c-0.97,0.08-8.17,0.04-8.34,0.01c-0.56-0.09-0.67-0.86-0.67-1.95s2.27-4.14,3.35-5.31c0.45-0.61,0.91-1.19,1.42-1.74c3.56-3.8,7.8-6.96,11.46-10.68C116.17,79.57,121.39,78.42,122.59,81.24z M76.19,81.61c-7.46,1.48-13.1-1.01-17.7-6.72c-1.12-1.39-2.4-2.64-4.02-4.39c-2.07,4.27-2.22,10.76-7.94,9.57c-3.94-0.82-9.1-4.51-10.2-8.02c-1.34-4.28,3.6-7.15,8.3-8.32c-2.21-3.89-4.43-7.48-6.33-11.24c-2.54-5.04-1.93-10.08,1.71-14.24c7.85-8.97,17.65-15.04,29.15-18.26c2.69-0.75,4.79-0.14,6.67,2.23c1.47,1.85,3.69,3.11,5.76,4.77c1.45-2.56,2.16-4.62,3.53-6.03c1.6-1.64,3.78-3.79,5.73-3.8c4.28-0.04,5.48,4.11,6.88,7.31c1.19,2.73,1.96,5.75-1.05,8.15c-4.8,3.81-4.97,4.15-1.26,9.06c4.9,6.48,6.72,13.51,4.89,21.46C97.75,74.28,91.32,78.6,76.19,81.61z M87.79,84.94c2.89-1.49,5.26-2.97,7.81-3.98c4.65-1.84,7.52-4.92,8.78-9.87c1.16-4.54,2.21-9.65,9.04-9.12c1.32,5.38,1.39,10.32-2.96,14.77c-4.16,4.25-7.66,9.15-11.85,13.38c-2.66,2.69-5.46,0.39-7.81-1.21C89.77,88.2,89.19,86.82,87.79,84.94z M177.84,220.47c-2.7,1.92-112.97,2.65-115.62,0c-3.69-3.69-1.42-108.05,1.33-110.81c2.75-2.75,114.75-1.09,116.96,0C182.81,110.79,182.84,216.91,177.84,220.47zM133.27,98.89c1.3-1.3,1.69-2.67,1.21-4.04c-0.12-0.35-0.3-0.7-0.54-1.05c-0.02-0.03-0.04-0.06-0.06-0.09c-0.15-0.22-0.33-0.44-0.53-0.66c-1.91-2.05-4.04-1.7-5.93-0.1c-0.74,0.63-1.47,1.27-2.19,1.91c-2.8,2.47-5.55,5-8.33,7.5C122.79,102.41,129.81,102.35,133.27,98.89zM110.84,162.53c5.75,1.97,11.38,1.96,17.1-0.04c12.67-4.43,25.37-8.77,38.05-13.17c1.23-0.43,2.4-1,4.43-1.86c-15.47-5.03-30.04-9.86-44.69-14.44c-2.48-0.77-5.52-1.18-7.93-0.49c-15.98,4.58-31.85,9.5-47.76,14.31c0.04,0.67,0.09,1.35,0.13,2.02C83.72,153.41,97.3,157.9,110.84,162.53zM125.77,174.07c14.39-4.46,28.6-9.46,43.69-14.54c-7.56-3.98-7.56-4-14.35-1.78c-7.66,2.51-15.38,4.87-22.95,7.63c-8.68,3.16-17.15,3.11-25.82-0.06c-7.99-2.92-16.12-5.43-24.2-8.1c-5.26-1.74-7.69-1.22-12.85,2.93c15.19,4.91,30,9.95,45,14.35C117.81,175.53,122.21,175.17,125.77,174.07zM127.98,184.94c12.67-4,25.16-8.57,37.7-12.94c0.97-0.34,1.86-0.92,2.99-1.49c-4.68-3.2-9.01-3.48-13.89-1.56c-6.8,2.68-13.86,4.68-20.72,7.24c-9.81,3.66-19.5,3.66-29.32,0.05c-7.01-2.58-14.2-4.66-21.14-7.4c-4.76-1.88-8.92-1.4-14.09,2.01c15.83,5.38,30.67,10.8,45.78,15.31C119.1,187.28,123.98,186.21,127.98,184.94zM156.11,179.31c-7.37,2.86-14.98,5.06-22.41,7.78c-9.96,3.65-19.79,3.63-29.75-0.04c-7.28-2.68-14.76-4.83-21.98-7.66c-4.62-1.81-8.29-0.32-12.46,1.87c0.67,0.45,0.96,0.74,1.31,0.86c13.94,4.89,27.8,10.02,41.87,14.49c3.63,1.15,8.22,1.24,11.84,0.11c14.66-4.55,29.11-9.77,44.21-14.94C164.4,179.22,160.82,177.48,156.11,179.31zM76.66,49.91c-0.15-4.72-5.02-8.97-10.11-8.84c-3.94,0.1-7.78,4.25-7.74,8.36c0.04,4.45,4.59,8.58,9.33,8.48C72.92,57.81,76.79,54.17,76.66,49.91zM83.66,55.29c-0.46,7.77-2.59,9.63-10.5,10.24c-1.16,0.09-2.32,0.3-3.74,0.48c0,1.87,0,3.57,0,5.74c6.3-0.85,13.32,2.52,18.11-3.67c3.98-5.13,3.39-11.23,2.35-17.21C86.15,50.7,83.9,51.26,83.66,55.29zM50.3,40.56c-3.25-0.8-4.54,5.87-4.54,5.87s0.62,6.34,1.58,7.65c0.96,1.3,3.4,2.35,3.84,1.73c1.78-2.52,3.03-5.42,4.88-8.95C53.94,44.4,52.46,41.09,50.3,40.56zM63.6,35.37c0.99,0.75,10.96-0.78,11.41-1.86c0.4-0.98-0.71-2.99-1.69-4.05c-2.6-2.8-6.02-4.12-9.68-2.72c-1.43,0.55-3.21,2.68-3.15,4.01C60.57,32.38,62.15,34.27,63.6,35.37z
ScrollBar	M68.65,0c0,0-38.36-0.03-33.28-0.03S-0.02-0.05-0.02-0.05L0,23.37l68.68,0.11L68.65,0z M12.53,20.37V9.48V3.11L56.1,3v17.3 L12.53,20.37z M3,3.11h7.53v17.26H3V8.81V3.11z M65.65,20.3H58.1v-7.99V3h7.55V20.3z M49.91,6.9l-0.32-0.15l-0.13,0.07l-25.11-0.3l-0.11,0.06c-0.14,0.07-1.38,0.82-1.5,3.96c-0.2,5.24,0.06,5.9,1.26,6.41 c0.08,0.03,0.15,0.07,0.24,0.11l0.1,0.05h25.01c0.02,0,0.04,0,0.06,0c0.12,0,0.29-0.03,0.46-0.16c0.39-0.29,0.91-1.08,0.89-4.54 C50.72,7.37,50.19,7.06,49.91,6.9z M64.76,11.14l-5.43-4.61c0,0,0.62,3.17,0.7,5.02c0.08,1.85-0.7,5.35-0.7,5.35L64.76,11.14z M3.89,12.25l5.42,4.61c0,0-0.7-2.11-0.7-4.5s0.7-5.86,0.7-5.86L3.89,12.25z
scrollingfld	M43.4,1.6c-0.2-0.8-0.6-1.4-1.4-1.8c-0.3-0.2-0.7-0.2-1.1-0.2c-4.9,0-12,0-16.9,0c-1.6,0-15.2,0-16.8,0c-0.2,0-0.3,0-0.5,0 C5.9-0.2,5.3,0.3,4.9,1.1c-0.1,0.3-0.2,0.7-0.2,1c0,6.5,0,13,0,19.5c0,0,0,0.1,0,0.1c0,0.1,0,0.2,0,0.3c0.2,0.9,0.7,1.5,1.5,1.9 c0.3,0.1,0.6,0.2,1,0.2c6.5,0,27.2,0,33.7,0c0,0,0.1,0,0.1,0c0.1,0,0.2,0,0.3,0c0.8-0.2,1.4-0.6,1.8-1.4c0.2-0.3,0.2-0.7,0.2-1.1 C43.4,18.4,43.4,1.8,43.4,1.6z M33.6,22.5C33.6,22.5,33.6,22.5,33.6,22.5c-4.1,0-22.4,0-26.5,0c-0.4,0-0.7-0.3-0.8-0.6 c0-0.1,0-19.9,0-20c0.1-0.4,0.4-0.6,0.8-0.6c0,0,0,0,0.1,0c4,0,26.4,0,26.4,0S33.6,15.4,33.6,22.5z M41.8,21.6c0,0.1,0,0.2,0,0.2 c-0.1,0.4-0.4,0.7-0.8,0.7c-1.1,0-2.2,0-3.4,0c-0.7,0-1.5,0-2.2,0c0,0-0.1,0-0.1,0c0-1.9,0-3.7,0-5.6l6.5-0.1 C41.8,18.4,41.8,20,41.8,21.6z M41.8,16l-6.5,0.1c0-2.8,0-6.2,0-8.6l6.5-0.1C41.8,9.8,41.8,13.2,41.8,16z M41.8,2.1 c0,1.5,0,3,0,4.5l-6.5,0.1c0-1.8,0-3.6,0-5.4c0,0,0.1,0,0.1,0c1.6,0,3.2,0,4.8,0c0.3,0,0.6,0,0.8,0c0.3,0,0.5,0.1,0.7,0.3 C41.8,1.7,41.8,1.9,41.8,2.1C41.8,2.1,41.8,2.1,41.8,2.1z M9.1,12.4c0.2-0.3,0.5-0.5,0.9-0.5c0.1,0,0.1,0,0.2,0 c2.2,0,14.3,0,16.5,0c0.3,0,0.6,0.1,0.8,0.3c0.3,0.2,0.4,0.5,0.2,0.8c-0.2,0.3-0.5,0.5-0.9,0.5c-0.1,0-0.1,0-0.2,0 c-0.6,0-1.1,0-1.7,0c0,0,0,0,0,0c-0.6,0-1.1,0-1.7,0l0,0c-0.6,0-1.2,0-1.8,0c-0.5,0-10.9,0-11.4,0c-0.4,0-0.7-0.1-0.9-0.3 C9,13,9,12.7,9.1,12.4z M9.2,16.5C9,16.3,9,16,9.1,15.7c0.1-0.3,0.2-0.5,0.4-0.5c0,0,0.1,0,0.1,0c1.1,0,12.1,0,13.2,0 c0.2,0,0.3,0.1,0.4,0.3c0.2,0.2,0.2,0.5,0.1,0.8c-0.1,0.3-0.2,0.5-0.5,0.5c0,0-0.1,0-0.1,0c-0.3,0-0.6,0-0.8,0l0,0 c-0.3,0-10.4,0-10.7,0l0,0c-0.6,0-1.1,0-1.7,0C9.4,16.8,9.3,16.7,9.2,16.5z M9.3,10C9,9.7,9,9.4,9.1,9.1s0.4-0.5,0.8-0.5 c0,0,0.1,0,0.1,0c1.9,0,13.7,0,15.6,0c0.4,0,0.7,0.1,0.9,0.4c0.3,0.5-0.1,1.2-0.8,1.2c-1,0-1.9,0-2.9,0c-1,0-11.8,0-12.7,0 C9.7,10.2,9.5,10.1,9.3,10z M9.1,6c0-0.4,0.3-0.6,0.7-0.7c0.1,0,0.1,0,0.2,0c2.7,0,15.3,0,18,0c0.4,0,0.7,0.3,0.8,0.7 c0.1,0.4-0.2,0.9-0.6,1c-0.1,0-0.1,0-0.2,0c-0.3,0-0.7,0-1,0c-0.5,0-1,0-1.5,0c-0.5,0-1,0-1.5,0c-0.7,0-1.4,0-2,0 C21.1,7,10.6,7,9.9,7l0,0l0,0c-0.1,0-0.3,0-0.4-0.1C9.2,6.7,9,6.4,9.1,6z M36.1,19.2c-0.1-0.4,0.2-0.8,0.6-0.9 c0.3-0.1,0.6,0,0.8,0.2c0.3,0.3,1,1,1,1s0.7-0.7,1.1-1c0.1-0.1,0.3-0.2,0.5-0.2c0.4,0,0.8,0.2,0.9,0.6c0.1,0.3,0,0.6-0.2,0.8 c-0.2,0.2-1.3,1.3-1.6,1.6c-0.2,0.2-0.4,0.3-0.6,0.2c-0.2,0-0.4-0.1-0.5-0.2c0,0-1.1-1.1-1.7-1.7C36.2,19.5,36.1,19.4,36.1,19.2z M40.8,4.2C41,4.5,41,4.7,41,5c-0.1,0.3-0.3,0.5-0.6,0.6c-0.3,0.1-0.5,0-0.7-0.2c0,0-1.1-1.1-1.1-1.1s-0.7,0.7-1,1 c-0.2,0.2-0.4,0.3-0.6,0.2c-0.4,0-0.7-0.3-0.8-0.7c-0.1-0.3,0-0.5,0.2-0.7c0.5-0.5,1.1-1.1,1.6-1.6c0.3-0.3,0.8-0.3,1.1,0 C39.7,3.1,40.2,3.7,40.8,4.2z
ScrollingTextFld	M3932.28,491.13c-26.37-129.57-99.25-223.42-218.3-280.83c-52.5-25.32-108.57-35.32-166.72-35.31 c-768.95,0.08-1537.9,0.05-2306.85,0.05c-250.32,0-500.63,0.02-750.95-0.03c-25.06-0.01-50.08,1.23-74.6,6.23 C280.93,208.56,185.47,284.71,129.27,409.2c-22.52,49.89-30.84,102.89-30.83,157.65c0.2,1018.93,0.14,2037.87,0.15,3056.8 c0,6.33-0.31,12.69,0.19,18.99c1.34,16.92,1.67,34.08,4.83,50.68c26.68,139.93,105.86,238.22,236.68,294.24 c47.76,20.45,98.32,27.61,150.3,27.6c1018.93-0.19,2037.87-0.14,3056.8-0.15c6.66,0,13.36,0.3,19.99-0.23 c16.59-1.34,33.39-1.79,49.68-4.85c129.99-24.39,224.84-96.02,283.91-214.23c26.83-53.7,37.66-111.3,37.65-171.2 C3938.54,3114.54,3937.27,515.66,3932.28,491.13z M2401.92,3759.02c-4.38,0-8.01,0-11.63,0c-634.66,0-1269.31-0.2-1903.97,0.3 c-62.58,0.05-115.04-42.91-128.04-97.65c-1.91-8.05-3.02-3119.75-0.38-3131.3c13.03-57.05,64.15-98.07,122.67-99.33 c3.67-0.08,7.33-0.03,11-0.03c631.99,0,1910.36,0,1910.36,0S2401.93,2648.99,2401.92,3759.02z M3682.47,3620.66 c0,11.93-0.54,24.09-2.82,35.76c-11.6,59.49-66.21,102.99-126.76,102.8c-176.32-0.57-352.64-0.2-528.96-0.2 c-117.32,0-234.65,0-351.97,0c-3.96,0-7.92,0-12.92,0c0-290.31,0-580.53,0-870.71l1023.48-14.81 C3682.5,3122.55,3682.5,3371.6,3682.47,3620.66z M3682.52,2773.49l-1023.49,14.81c0-468.23,0-936.37,0-1404.59l1023.53-14.81 C3682.57,1837.09,3682.55,2305.29,3682.52,2773.49z M3682.58,569.88c0,233,0,466.01,0,699.01l-1023.54,14.81 c0-284.17,0-568.38,0-852.68c4.66,0,8.89,0,13.11,0c249.64,0,499.29,0,748.94,0c44.33,0,88.67-0.42,132.99,0.12 c43.53,0.53,78.39,18.95,104.25,53.92c15.95,21.55,23.46,46.11,24.22,72.81C3682.66,561.87,3682.58,565.87,3682.58,569.88z M623.9,2175.33c25.31-45.64,73.66-71.79,140.83-78.93c9.01-0.96,18.24-1.33,27.36-1.33c348.06-0.07,696.13-0.04,1044.19-0.07 c51.48,0,96.7,11.88,131.99,39.47c48.47,37.88,62.82,82.51,38.92,131.4c-23.87,48.86-73.8,76.44-144.05,84.34 c-9.44,1.06-19.2,0.77-28.8,0.77c-86.56,0.02-173.12,0.03-259.67,0.03c0,0,0,0-0.01,0c-86.56,0-173.11,0-259.67,0c0,0,0,0,0,0 c-93.42-0.01-186.85,0-280.27,0.01c-82.44,0-164.88,0-247.32-0.04c-55.63-0.02-102.05-15.53-136.76-46.94 C607.82,2265.28,598.4,2221.34,623.9,2175.33z M630.25,2826.52c-21.41-38.76-26.12-82.7-13.37-128.71 c12.66-45.64,36.83-71.79,70.42-78.93c4.51-0.96,9.12-1.33,13.68-1.33c174.03-0.07,348.06-0.04,522.1-0.07 c25.74,0,48.35,11.88,66,39.47c24.23,37.88,31.41,82.51,19.46,131.4c-11.94,48.86-36.9,76.44-72.02,84.34 c-4.72,1.06-9.6,0.77-14.4,0.77c-43.28,0.02-86.56,0.03-129.84,0.03c0,0,0,0,0,0c-43.28,0-86.56,0-129.83,0c0,0,0,0,0,0 c-87.93-0.01-175.87,0.04-263.8-0.03C670.82,2873.44,647.61,2857.93,630.25,2826.52z M646.54,1793.94 c-37.69-38.52-46.69-82.64-25.33-129.24c21.36-46.6,63.12-73.22,121.45-80.36c7.32-0.9,14.79-1.27,22.19-1.27 c297.51-0.06,595.01-0.17,892.51,0.05c61.06,0.04,108.11,22.63,136.99,68.81c52.83,84.49-19.17,186.62-131.65,186.96 c-150.52,0.45-301.02,0.12-451.53,0.12c-149.73,0-299.46,0.01-449.19,0C715.44,1839,676.24,1824.31,646.54,1793.94z M611.69,1181.9 c7.62-55.79,49.59-98.99,104.08-108.64c8.48-1.5,17.23-2.15,25.85-2.15c424.6-0.1,849.21-0.12,1273.81-0.05 c64.14,0.01,115.53,41.49,128.52,103.14c14.35,68.21-31.86,137.66-100.38,150.31c-10.08,1.86-20.52,2.39-30.8,2.4 c-52.91,0.03-105.82,0.05-158.73,0.07c-79.37,0.02-158.74,0.03-238.11,0.03c-79.36,0-158.73,0-238.09,0 c-105.98,0-211.96-0.01-317.94-0.01c-105.98,0-211.97,0.03-317.95,0.1c0,0,0,0,0,0h0c-21.77,0.01-42.32-4.12-61.72-13.98 C635.72,1290.5,603.61,1241.03,611.69,1181.9z M2788.32,3240.17c-11.68-65.89,31.18-131.24,96.61-145.92 c46.53-10.44,87.23,1.64,121.04,35.09c51.87,51.32,163.64,164.64,163.64,164.64s112.95-112.42,164.76-164.28 c21.47-21.49,47.04-34.45,77.34-38.04c61.21-7.25,119.73,30.49,136.95,89.66c14.14,48.58,3,91.81-32.16,128.03 c-34.82,35.85-204.85,205.14-254.37,254.58c-26.61,26.57-58.73,39.64-96.4,38.48c-29.73-0.92-55.83-11.45-78.51-30.58 c-3.56-3-176.97-176.45-260.49-259.76C2806.54,3291.93,2793.32,3268.39,2788.32,3240.17z M3516.89,896.82 c34.6,34.98,45.86,77.75,32.25,125.23c-13.47,46.99-45.1,77.21-92.54,89.04c-41.45,10.34-79.22,0.84-112.42-26.13 c-4.64-3.77-175.51-173.12-175.51-173.12s-110.45,112.4-162.31,164.23c-26.87,26.85-59.25,39.85-97.31,38.71 c-57.78-1.73-109.33-45.27-119.96-102.18c-8.28-44.34,2.85-83.63,34.69-115.71c85.22-85.86,170.74-171.42,256.6-256.64 c50.45-50.07,129.41-50.2,179.96-0.1C3346.25,725.3,3431.83,810.8,3516.89,896.82z
Select	M117.43,296.09c0.03,0.03,0.06,0.06,0.09,0.09c0.07,0.07,0.14,0.14,0.21,0.22c0.08,0.09,0.16,0.17,0.23,0.23 c0.02,0,0.14,0,0.21,0c0.32-0.3,0.88-0.83,0.88-0.83c0-1.22,0-2.41,0-3.55c-0.15-0.16-0.28-0.29-0.41-0.44 c-0.15-0.16-0.31-0.33-0.41-0.44c-0.26,0-0.5,0-0.73,0c-0.09,0.09-0.18,0.18-0.27,0.27c-0.17,0.17-0.33,0.32-0.33,0.32 c0,1.28,0,2.56,0,3.58c0,0,0.03,0.03,0.07,0.07C117.13,295.78,117.28,295.94,117.43,296.09zM147.63,301.34c-0.06,0.06-0.12,0.12-0.19,0.19c-0.09,0.09-0.2,0.2-0.29,0.29c-0.05,0.05-0.09,0.09-0.12,0.12 c-0.06,0.06-0.11,0.11-0.18,0.18c0,0.46,0,1.05,0,1.59l-1.06,1.06c-1.2,0-2.4,0-3.58,0c-0.3,0.29-0.58,0.56-0.86,0.83 c0,0.26,0,0.49,0,0.68c0.09,0.1,0.2,0.22,0.32,0.34c0.17,0.19,0.35,0.38,0.52,0.55l5.43-0.06c0.2-0.04,0.33-0.21,0.46-0.41 l0.92-0.81c0-1.32,0-2.63,0-3.88c0,0-0.81-0.62-1.16-0.88C147.77,301.2,147.7,301.27,147.63,301.34zM124.22,281.31c-0.14-0.14-0.27-0.27-0.37-0.37c-0.04-0.04-0.08-0.08-0.13-0.13c-1.84,0-3.68,0-5.43,0 c-0.49,0.48-0.95,0.92-1.4,1.36c0,1.27,0,2.54,0,3.68c0.03,0.03,0.05,0.05,0.08,0.08c0.13,0.15,0.41,0.45,0.57,0.62 c0.18,0,0.42,0,0.67,0c0.27-0.28,0.55-0.56,0.84-0.85c0-0.55,0-1.11,0-1.72c0.43-0.33,0.89-0.67,1.37-1.03c1.08,0,2.2,0,3.22,0 c0.06-0.04,0.12-0.08,0.17-0.12c0.04-0.03,0.09-0.06,0.14-0.1c0.02-0.01,0.04-0.03,0.06-0.04c0.07-0.05,0.15-0.1,0.22-0.15 c0.11-0.07,0.21-0.14,0.31-0.21c0-0.22,0-0.46,0-0.7c-0.04-0.04-0.1-0.1-0.16-0.16C124.34,281.44,124.28,281.38,124.22,281.31zM148.2,291.36c-0.25,0-0.49,0-0.72,0c-0.2,0.2-0.4,0.4-0.56,0.56c0,1.34,0,2.64,0,3.68c0.43,0.43,0.7,0.7,1.03,1.03 c0.01,0,0.13,0,0.25,0c0.28-0.28,0.56-0.56,0.84-0.84c0-1.2,0-2.39,0-3.59C148.75,291.92,148.47,291.63,148.2,291.36zM127.97,304.81c0,0-0.83,0.38-0.76,1.06c0.01,0.09,0.03,0.19,0.09,0.31c0.11,0.11,0.25,0.24,0.4,0.38 c0.12,0.11,0.24,0.23,0.35,0.33c0.08,0.07,0.15,0.14,0.23,0.21c0.04,0.03,0.06,0.06,0.06,0.06l7.12,0.02c0,0,0.1-0.07,0.24-0.17 c0.01,0,0.01-0.01,0.02-0.01c0.19-0.14,0.45-0.32,0.66-0.47c0.06-0.04,0.12-0.08,0.17-0.12c0-0.32,0-0.56,0-0.72 c-0.31-0.34-0.57-0.63-0.79-0.87C133.12,304.81,130.54,304.81,127.97,304.81zM145.42,282.98c0.53,0.53,0.98,0.97,1.48,1.48c0,0.37,0,0.84,0,1.21c0.21,0.3,0.37,0.53,0.52,0.75 c0.03,0.05,0.07,0.1,0.09,0.13c0.24,0,0.48,0,0.57,0c0.13-0.11,0.28-0.24,0.42-0.37c0.19-0.17,0.36-0.32,0.52-0.46 c0-1.23,0-2.42,0-3.6c-0.02-0.02-0.03-0.03-0.05-0.05c-0.07-0.07-0.22-0.22-0.41-0.4c-0.03-0.03-0.05-0.05-0.08-0.08 c-0.06-0.06-0.13-0.13-0.2-0.2c-0.09-0.09-0.18-0.18-0.28-0.28c-0.1-0.1-0.2-0.2-0.28-0.28c-1.21,0-2.43,0-3.44,0 c-0.08,0.07-0.14,0.12-0.22,0.18c-0.08,0.06-0.17,0.14-0.26,0.22c-0.14,0.11-0.26,0.21-0.37,0.3c-0.06,0.04-0.11,0.09-0.14,0.12 c0,0.3,0,0.53,0,0.68c0.33,0.24,0.6,0.43,0.9,0.65C144.63,282.98,145.1,282.98,145.42,282.98zM121.8,304.77c-0.58,0-1.13,0-1.58,0l-1.2-1.09c0-0.58,0-1.14,0-1.66c0,0-0.04-0.03-0.11-0.09 c-0.01-0.01-0.02-0.02-0.04-0.03c-0.11-0.09-0.28-0.22-0.46-0.35c-0.18-0.14-0.37-0.29-0.55-0.42c-0.28,0.25-0.5,0.44-0.7,0.62 c-0.16,0.14-0.28,0.25-0.28,0.25c0,1.33,0,2.6,0,3.68l1.42,1.47l3.17,0.03c0.01-0.01,0.02-0.02,0.03-0.03 c0.06-0.05,0.18-0.17,0.32-0.3c0.07-0.06,0.14-0.13,0.21-0.2c0.2-0.19,0.41-0.38,0.53-0.49c0.05-0.12,0.07-0.22,0.07-0.31 C122.68,305.14,121.8,304.77,121.8,304.77zM130.24,280.82c-0.31,0.29-0.6,0.57-0.87,0.83c0,0.26,0,0.5,0,0.73c0.2,0.2,0.4,0.4,0.59,0.6l7.92,0c0,0,0.4-0.4,0.6-0.6 c0-0.23,0-0.47,0-0.73c-0.28-0.27-0.56-0.55-0.85-0.83C135.16,280.82,132.68,280.82,130.24,280.82z
Slider	M60,8.61H42.69C40.91,3.61,35.9,0,30,0S19.09,3.61,17.31,8.61H0v8h17.31c1.78,5,6.79,8.61,12.69,8.61 s10.91-3.61,12.69-8.61H60V8.61z M40.39,12.61c0,5.3-4.66,9.61-10.39,9.61s-10.39-4.31-10.39-9.61S24.27,3,30,3 S40.39,7.31,40.39,12.61z
SprayCan	M136.4,381.72c0.09-1.51-0.54-1.98-1.74-2.85c-0.33-0.24-1.6-1.38-1.6-1.38s-0.36-1.61-1.35-2.6 c-0.1-0.1-0.98-0.18-1.04-0.24c-0.42,0-0.8,0-1.08,0c-0.75,0.6-2.33,0.2-2.33,0.2s-2.02-0.21-2.3-0.21 c-0.14,0.14-0.27,0.27-0.38,0.38c0,0.35,0,0.66,0,0.94c0.35,0.35,0.65,0.65,1,1c0.18,0,1.41-0.51,1.41-0.51l-0.17,1.54 c0,0-1.07,0.6-1.22,0.6c-1.43,1.39-1.66,2.82-1.66,2.82l-1.97,1.93c0,0-0.26,18.46-0.26,22.77c0.56,0.57,1.05,1.08,1.53,1.58 c4.59,0,9.15,0,13.71,0c0.51-0.51,1.02-1.01,1.54-1.54c0-7.76,0-14.34,0-22.21C138.23,383.65,136.57,381.99,136.4,381.72z  M126.54,379.24c2.64,0.11,4.08,0.11,6.75,0c0,0.03-0.2,1.2-0.19,1.18c-0.37,0.26-0.7,0.48-1.09,0.75c-1.19,0.2-2.44,0.44-4.16,0 c-0.44-0.45-0.87-0.88-1.31-1.33C126.54,379.68,126.54,379.49,126.54,379.24z M135.46,405.53h-11.61l-0.09-21.23l1.74-1.48 l4.61,0.36l4.69-0.36l1.53,2.18c0,0-4.83,1.01-6.05,1.01c-0.54,0.54-0.94,0.94-1.45,1.45c0,3.68,0,7.56,0,11.4 c0.54,0.54,1.08,1.08,1.7,1.7c1.12-0.15,5.94-0.29,5.94-0.29l-0.19,3.95L135.46,405.53z M135.04,395.58 c-0.3,0.45-0.79,0.53-1.3,0.53c-0.49,0-0.99-0.05-1.47-0.14c-0.43-0.08-0.9-0.18-1.22-0.5c-0.25-0.25-0.35-0.61-0.32-0.95 c-0.06-0.09-0.11-0.2-0.11-0.32c-0.01-0.31,0.28-0.61,0.59-0.59c0.01,0,0.02,0,0.04,0c0.13-0.12,0.28-0.23,0.45-0.3 c0.44-0.18,0.92-0.14,1.38-0.08c0.06,0.01,0.11,0.02,0.17,0.03c0.15-0.29,0.48-0.43,0.81-0.25c0.03,0.01,0.05,0.04,0.07,0.05 c0.16-0.17,0.38-0.29,0.66-0.31c0.35-0.03,0.56,0.29,0.59,0.59c0.04,0.35-0.11,0.64-0.34,0.86 C135.2,394.64,135.32,395.16,135.04,395.58z M135.16,397.42c0.01,0.32-0.28,0.59-0.59,0.59c-0.49,0-0.98,0.03-1.46,0.08 c-0.07,0.01-0.13,0.02-0.2,0.02c-0.02,0-0.02,0-0.03,0c-0.01,0-0.01,0-0.04,0.01c-0.11,0.02-0.23,0.03-0.34,0.05 c-0.25,0.04-0.49,0.09-0.73,0.15c-0.33,0.07-0.63-0.1-0.73-0.42c-0.1-0.3,0.11-0.66,0.42-0.73c1.02-0.23,2.08-0.36,3.13-0.36 C134.9,396.82,135.14,397.1,135.16,397.42z M130.88,389.06c-0.01-0.31,0.28-0.61,0.59-0.59c0.92,0.04,1.68-0.04,2.55-0.27 c0.47-0.12,0.81,0.29,0.73,0.73c-0.03,0.15-0.08,0.28-0.15,0.42c0.25,0.05,0.46,0.19,0.55,0.5c0.1,0.35-0.15,0.7-0.48,0.8 c-0.2,0.06-0.43-0.01-0.59-0.14c-0.13,0.01-0.27,0.01-0.4,0.02c-0.21,0.01-0.42,0.02-0.63,0.03c-0.61,0.16-1.25,0.14-1.88,0.09 c-0.33-0.03-0.58-0.25-0.59-0.59c-0.01-0.29,0.21-0.5,0.48-0.57C130.96,389.37,130.89,389.23,130.88,389.06z M123.07,374.75c-0.77,0-0.77,1.19,0,1.19 C123.83,375.94,123.83,374.75,123.07,374.75z M122.09,372.52c-0.77,0-0.77,1.19,0,1.19 C122.85,373.71,122.85,372.52,122.09,372.52z M120.88,376.33c-0.77,0-0.77,1.19,0,1.19 C121.65,377.52,121.65,376.33,120.88,376.33z M120.54,374.06c-0.77,0-0.77,1.19,0,1.19 C121.31,375.25,121.31,374.06,120.54,374.06z M120.77,370.43c-0.77,0-0.77,1.19,0,1.19 C121.54,371.62,121.54,370.43,120.77,370.43z M119.38,372.15c-0.77,0-0.77,1.19,0,1.19 C120.14,373.34,120.14,372.15,119.38,372.15z M118.49,374.54c-0.77,0-0.77,1.19,0,1.19 C119.26,375.73,119.26,374.54,118.49,374.54z M118.57,377.21c-0.77,0-0.77,1.19,0,1.19 C119.33,378.39,119.33,377.21,118.57,377.21z M118.82,369.07c-0.77,0-0.77,1.19,0,1.19 C119.59,370.26,119.59,369.07,118.82,369.07z M117.48,370.95c-0.77,0-0.77,1.19,0,1.19 C118.25,372.13,118.25,370.95,117.48,370.95z M116.57,373.17c-0.77,0-0.77,1.19,0,1.19 C117.34,374.36,117.34,373.17,116.57,373.17z M116.23,375.65c-0.77,0-0.77,1.19,0,1.19 C117,376.84,117,375.65,116.23,375.65z M116.35,378.16c-0.77,0-0.77,1.19,0,1.19 C117.12,379.35,117.12,378.16,116.35,378.16z
Stamp	M192.38,58.18c2,0,3.65,0.39,3.65,0.39l4.52,4.17c0,0-2.38,2.13-2.07,3.21c0.31,1.08,2.37,1.45,2.37,1.45 s-2.05,4.14-7.59,4.14c-1.09,0-2.31-0.16-3.67-0.54c-2.31-0.64-7.41-5.11-7.41-5.11l-0.64-0.83c2.96-2.99,6.27-6.06,7.76-6.49 C190.3,58.28,191.38,58.18,192.38,58.18 M176.87,59.05l4.66,6.01c-3.02,3.05-5.67,6.01-5.67,6.01L176.87,59.05 M192.38,56.18 C192.38,56.18,192.38,56.18,192.38,56.18c-1.35,0-2.57,0.16-3.64,0.46c-0.99,0.28-2.68,1.18-7.01,5.4l-3.27-4.22 c-0.39-0.5-0.97-0.77-1.58-0.77c-0.19,0-0.38,0.03-0.57,0.08c-0.79,0.23-1.36,0.93-1.43,1.75l-1.01,12.02 c-0.07,0.86,0.41,1.66,1.2,2c0.26,0.11,0.52,0.16,0.79,0.16c0.56,0,1.1-0.23,1.49-0.67c0.02-0.02,1.84-2.06,4.15-4.45 c1.62,1.37,5.33,4.36,7.55,4.98c1.46,0.41,2.88,0.61,4.21,0.61c6.7,0,9.27-5.04,9.38-5.26c0.28-0.56,0.28-1.23-0.01-1.79 s-0.81-0.96-1.43-1.07c-0.11-0.02-0.24-0.05-0.36-0.09c0.29-0.36,0.68-0.78,1.05-1.11c0.42-0.38,0.66-0.91,0.66-1.48 c0-0.56-0.23-1.1-0.64-1.48l-4.52-4.17c-0.25-0.23-0.56-0.4-0.9-0.48C196.41,56.6,194.58,56.18,192.38,56.18L192.38,56.18zM195.39,61.7c-0.64,0-0.64,1,0,1 C196.04,62.7,196.04,61.7,195.39,61.7z
Table	M0 2a2 2 0 0 1 2-2h12a2 2 0 0 1 2 2v12a2 2 0 0 1-2 2H2a2 2 0 0 1-2-2V2zm15 2h-4v3h4V4zm0 4h-4v3h4V8zm0 4h-4v3h3a1 1 0 0 0 1-1v-2zm-5 3v-3H6v3h4zm-5 0v-3H1v2a1 1 0 0 0 1 1h3zm-4-4h4V8H1v3zm0-4h4V4H1v3zm5-3v3h4V4H6zm4 4H6v3h4V8z
TableField	M17.65-0.03c0,0-7.02-0.05-8.99-0.03C7.18-0.05-0.03-0.02-0.03-0.02s-0.01,2.65-0.02,6.01 c0,3.29,0.04,6.27,0.04,6.27s4.42-0.01,8.93-0.01c4.37,0,8.74,0,8.74,0s-0.02-1.99-0.01-4.8C17.65,4.69,17.65-0.03,17.65-0.03z M4.31,11.45l-3.49,0.02c0,0,0-0.45,0-0.97V8.6h3.49V11.45z M4.31,7.65H0.82V4.8h3.49V7.65z M4.31,3.84H0.82V0.99h3.49V3.84z M8.9,11.45H4.98V8.6H8.9V11.45z M8.84,7.78L4.96,7.83V4.75h3.99v3.08L8.84,7.78z M8.94,3.84H4.95V0.99h3.99V3.84z M13.88,0.82h2.81 v1.31h-1.3h-1.51V0.82z M13.03,10.5c0,0.53-0.01,1.01-0.01,1.01L9.51,11.5l0.03-2.9h3.49V10.5z M13.03,7.65H9.54V4.8h3.49V7.65z M13.03,3.84H9.54V0.99h3.49V3.84z M16.7,11.65h-1.88H13.9v-1.43h2.8C16.7,10.22,16.7,11.65,16.7,11.65z M14.93,9.75H13.9 l-0.02-6.91h2.81l0.01,6.91H14.93z M15.6,4.35c-0.82,0-1.08,0.09-1.08,0.09l-0.05,2.78c0,0,0.32,0.18,0.83,0.16 c0.52-0.03,0.82-0.16,0.82-0.16s0.01-0.02,0.02-0.03l0.01-0.01l-0.03-2.76C16.11,4.42,16.16,4.35,15.6,4.35z M15.2,0.98l-0.75,0.93 h0.93h0.76L15.2,0.98z M16.13,10.5H15.4h-0.95l0.93,0.93L16.13,10.5z
TabsControl	M0,0v639.5c0,0-12.2-0.8,490.3-0.8s490.3,0.8,490.3,0.8L980.3,0.2L0,0z M361.4,138.3l297.2,0.5l264.8,0.3v441.4l-880.9,0.6 c0,0,0.2-540.5,3.1-543.6c1.7-2,5-4.2,7.3-5c2.1-0.8,253.5-1.8,269.5-1.5c0.3,0,30.7,5.1,36.6,26.9S361.4,138.3,361.4,138.3z M626,72.9v36.8H521.3H416.5V44.9h155.4c0,0,18.1,0.4,36.2,7.4S626,72.9,626,72.9z M897,72.9v36.8H792.3H687.5V44.9h155.4 c0,0,18.1,0.4,36.2,7.4S897,72.9,897,72.9z M90.9,76.5c-2,2.8-4.2,8.4-4.9,12.7c-1.7,9,0.8,25.5,4.6,29.5 c1.8,1.8,144.1,3.2,144.1,3.2l3.2-7.2c4.9-10.6,4.6-27.9-0.6-36.5C233.3,71.5,93.9,72.1,90.9,76.5z M265.3,75.7 c-1.3,2.8-2.6,8.4-3.1,12.5c-1.1,9,0.3,25.5,2.7,29.7c1.1,2,18.8,3.4,45.7,4h-1.8l2.1-7.2c3.1-10.6,3-27.9-0.2-36.5 C308.2,71.5,267.2,71.3,265.3,75.7z
TabsPanel	M4.4,8.1l0.1,15.6h39l0.1-15.8c0,0,0.1-2-1-3.2c-0.6-0.8-2.9-0.8-2.9-0.8s0.2-1.9-2-3c-1.1-0.5-7.3-0.4-13.6-0.5 c-6.7,0-13.4-0.1-14.2,0.4c-1.5,1-1.3,3-1.3,3S6,3.9,5.3,4.7C4,6.2,4.4,8.1,4.4,8.1z M18.6,7.6l22.6,0.1l-0.1,13.6L6.7,21.1V7.4 l4.1,0c0,0-0.5-0.8-0.4-2.9c0-1.1,0.4-1.6,0.9-1.9c0.6-0.4,1.4-0.4,3.5-0.4c1.9,0,3.1-0.1,3.7,0.3c0.6,0.4,0.8,1,0.7,2.3 C19.2,6.7,18.6,7.6,18.6,7.6z M28.3,6.7l-7.7-0.1c0,0-0.6-0.4-0.6-2.1s1.2-2.1,4.1-2.1c2,0,3.2,0,3.9,0.6c0.3,0.3,0.6,0.9,0.6,1.5 C28.6,5.9,28.3,6.7,28.3,6.7z M37.8,4.7c0,1.6-0.3,2.1-0.3,2.1L30,6.7c0,0-0.6,0-0.6-2c0-2.4,0.7-2.2,4.3-2.2 C37,2.5,37.8,3.1,37.8,4.7z M12.1,4.4c-0.1,0.2-0.3,0.9-0.2,1.2c0.1,0.1,2.3,0.2,2.3,0.2l3.1-0.1c0.2-0.8,0-1.4,0-1.4 S12.2,4,12.1,4.4z M21.6,5.1h5.2c0.3-0.8-0.3-1.2-0.3-1.2h-4.7L21.6,5.1z M31.3,4.5l-0.2,0.8c0,0-0.1-0.2,0,0 c0.1,0.1,4.7-0.1,4.7-0.1S36,5.3,36,4.6S31.3,4.5,31.3,4.5z
Text	M137.41,504.54l-2-5.19c-0.18-0.43-0.37-0.25-0.56-0.36c-0.2-0.11-0.59-0.16-1.19-0.16h-9.52c-0.6,0-1.01,0.09-1.24,0.28 c-0.23,0.19-0.52,0.25-0.88,1.09l-0.93,3.11c-0.12,0.3-0.18,0.58-0.18,0.85c0,0.86,1.43,1.16,1.98,1.11 c0.56-0.05,2.15,0.49,2.15,1.44c0,0.89-0.68,1.33-2.03,1.33c-0.24,0-0.57-0.03-0.99-0.08c0,0-4.12-0.3-4.54-0.26 c0,0-3.35,0.34-3.74,0.34c-1.17,0-1.76-0.44-1.76-1.33c0-0.94,2.84-1.25,2.84-1.25c0.81,0,1.43-0.28,1.85-0.85 c0.18-0.22,0.48-0.85,0.9-1.46l8.39-20.38c0.48-1.58,2.55-3.71,3.96-3.71c2.37,0,14.64,24.34,14.64,24.34s5.01,1.44,5.01,2.33 c0,0.56,0.5,1.72-1.38,2.12c-1.27,0.27-3.91-0.05-7.5-0.21c-1.11-0.05-2.92,0.11-5.41,0.32c-0.63,0.05-0.24,0.08-0.57,0.08 c-1.2,0-1.8-0.46-1.8-1.37c0-0.91-0.12-0.93,1.11-1.37C135.21,504.86,137.41,504.54,137.41,504.54z M128.67,485.23l-4.83,11.74 l10.5-0.25L128.67,485.23z
TextInputFld	M180.73,85.02c-60.24,0-120.48,0-180.73,0C0,56.68,0,28.34,0,0c60.24,0,120.48,0,180.73,0 C180.73,28.34,180.73,56.68,180.73,85.02z M170.84,73.83V11.36c0,0-75.99,0-89.46,0s-72.19,0-72.19,0v62.47c0,0,35.74,0,72.59,0 S170.84,73.83,170.84,73.83z M28.7,59.32c-5.12,0.88-6.13,2.51-4.85,5.18c1.28,2.68,4.4-0.49,7.32-0.65c3.44-0.19,7,2.67,8.46,0.65 s0.2-4.15-4.64-5.37c0-11.2,0-22.41,0-33.59c2.4-0.81,6.5-1.44,5.21-4.65c-1.01-2.52-5.87-0.61-8.52-0.37 c-2.66,0.24-7.24-2.38-8.33,0.38c-1.58,4.01,3.34,3.57,5.35,4.83C28.7,36.89,28.7,48.13,28.7,59.32z
