<package version="0.0">
  <name>community.livecode.trevordevore.widgethelpers</name>
  <title>Widget Helpers</title>
  <author>Trevor DeVore</author>
  <version>1.0.1</version>
  <license>community</license>
  <type>module</type>
  <requires name="com.livecode.canvas"/>
  <requires name="com.livecode.engine"/>
  <requires name="com.livecode.math"/>
  <requires name="com.livecode.arithmetic"/>
  <requires name="com.livecode.binary"/>
  <requires name="com.livecode.list"/>
  <requires name="com.livecode.logic"/>
  <requires name="com.livecode.string"/>
  <requires name="com.livecode.type"/>
  <requires name="com.livecode.mathfoundation"/>
  <requires name="com.livecode.char"/>
  <requires name="com.livecode.typeconvert"/>
  <requires name="com.livecode.array"/>
  <requires name="com.livecode.byte"/>
  <handler name="AdjustColorForEnabledState" parameters="in Color,in boolean" return="Color"/>
  <handler name="colorToString" parameters="in Color,in boolean" return="string"/>
  <handler name="stringToColor" parameters="in string" return="Color"/>
  <handler name="fitStringToRect" parameters="inout string,in Font,in number" return="nothing"/>
  <handler name="stringToPoint" parameters="in string" return="Point"/>
  <handler name="pointToString" parameters="in Point" return="string"/>
  <handler name="FormatInt" parameters="in number" return="string"/>
  <handler name="rectCenter" parameters="in Rectangle" return="Point"/>
  <handler name="resizeControlWidth" parameters="in ScriptObject,in number" return="nothing"/>
  <handler name="resizeControlToRect" parameters="in ScriptObject,in Rectangle,in string" return="nothing"/>
  <handler name="constrainPathToRect" parameters="in Rectangle,inout Path" return="nothing"/>
  <handler name="centerBoxWithinBox" parameters="inout Path,in Path" return="nothing"/>
  <handler name="calculateRotatedPath" parameters="inout Path,in number,in Point,in boolean" return="any"/>
  <handler name="rotatedPathTransformation" parameters="in number,in Point,in boolean" return="Transform"/>
  <handler name="preparePathForRotation" parameters="inout Path,in list,in Rectangle,in Rectangle" return="Point"/>
  <handler name="scaleAndMaintainAspectRatioTransform" parameters="in Rectangle,in Rectangle,in Rectangle" return="Transform"/>
</package>