{
  "homebrew_version": "3.2.5-19-gbdc3391",
  "used_options": [

  ],
  "unused_options": [

  ],
  "built_as_bottle": true,
  "poured_from_bottle": true,
  "installed_as_dependency": false,
  "installed_on_request": true,
  "changed_files": [
    "lib/pkgconfig/wildmidi.pc"
  ],
  "time": 1644701772,
  "source_modified_time": 1616316950,
  "compiler": "clang",
  "aliases": [

  ],
  "runtime_dependencies": [

  ],
  "source": {
    "spec": "stable",
    "versions": {
      "stable": "0.4.4",
      "head": null,
      "version_scheme": 0
    },
    "path": "/usr/local/Homebrew/Library/Taps/homebrew/homebrew-core/Formula/wildmidi.rb",
    "tap_git_head": "35bee406984db3454e932476114fa6c60a61801d",
    "tap": "homebrew/core"
  },
  "arch": "x86_64",
  "built_on": {
    "os": "Macintosh",
    "os_version": "macOS 11.3",
    "cpu_family": "penryn",
    "xcode": "12.5",
    "clt": "12.5.0.0.1.1617976050",
    "preferred_perl": "5.30"
  }
}