{
  "homebrew_version": "2.5.10-27-gd21f1e0",
  "used_options": [

  ],
  "unused_options": [

  ],
  "built_as_bottle": true,
  "poured_from_bottle": true,
  "installed_as_dependency": false,
  "installed_on_request": true,
  "changed_files": [

  ],
  "time": 1645808036,
  "source_modified_time": 1394109748,
  "stdlib": "libcxx",
  "compiler": "clang",
  "aliases": [

  ],
  "runtime_dependencies": [
    {
      "full_name": "portaudio",
      "version": "19.7.0",
      "declared_directly": true
    }
  ],
  "source": {
    "spec": "stable",
    "versions": {
      "stable": "1.48.04",
      "head": null,
      "version_scheme": 0
    },
    "path": "/usr/local/Homebrew/Library/Taps/homebrew/homebrew-core/Formula/espeak.rb",
    "tap_git_head": "f80d456d46ba490c39f804cb7d3bad28171b6650",
    "tap": "homebrew/core"
  },
  "arch": "x86_64",
  "built_on": {
    "os": "Macintosh",
    "os_version": "macOS 11.0.1",
    "cpu_family": "penryn",
    "xcode": "12.2",
    "clt": "12.2.0.0.1.1604076827"
  }
}