{
  "homebrew_version": "3.3.6-42-g073c417",
  "used_options": [

  ],
  "unused_options": [

  ],
  "built_as_bottle": true,
  "poured_from_bottle": true,
  "installed_as_dependency": false,
  "installed_on_request": true,
  "changed_files": [
    "lib/pkgconfig/fluidsynth.pc"
  ],
  "time": 1641658684,
  "source_modified_time": 1637509248,
  "compiler": "clang",
  "aliases": [
    "fluidsynth"
  ],
  "runtime_dependencies": [
    {
      "full_name": "gettext",
      "version": "0.21",
      "declared_directly": false
    },
    {
      "full_name": "libffi",
      "version": "3.4.2",
      "declared_directly": false
    },
    {
      "full_name": "pcre",
      "version": "8.45",
      "declared_directly": false
    },
    {
      "full_name": "gdbm",
      "version": "1.22",
      "declared_directly": false
    },
    {
      "full_name": "mpdecimal",
      "version": "2.5.1",
      "declared_directly": false
    },
    {
      "full_name": "ca-certificates",
      "version": "2021-10-26",
      "declared_directly": false
    },
    {
      "full_name": "openssl@1.1",
      "version": "1.1.1m",
      "declared_directly": false
    },
    {
      "full_name": "readline",
      "version": "8.1.1",
      "declared_directly": false
    },
    {
      "full_name": "sqlite",
      "version": "3.37.1",
      "declared_directly": false
    },
    {
      "full_name": "xz",
      "version": "5.2.5",
      "declared_directly": false
    },
    {
      "full_name": "python@3.9",
      "version": "3.9.9",
      "declared_directly": false
    },
    {
      "full_name": "glib",
      "version": "2.70.2",
      "declared_directly": true
    },
    {
      "full_name": "libogg",
      "version": "1.3.5",
      "declared_directly": false
    },
    {
      "full_name": "flac",
      "version": "1.3.3",
      "declared_directly": false
    },
    {
      "full_name": "libvorbis",
      "version": "1.3.7",
      "declared_directly": false
    },
    {
      "full_name": "opus",
      "version": "1.3.1",
      "declared_directly": false
    },
    {
      "full_name": "libsndfile",
      "version": "1.0.31",
      "declared_directly": true
    },
    {
      "full_name": "portaudio",
      "version": "19.7.0",
      "declared_directly": true
    }
  ],
  "source": {
    "spec": "stable",
    "versions": {
      "stable": "2.2.4",
      "head": null,
      "version_scheme": 0
    },
    "path": "/usr/local/Homebrew/Library/Taps/homebrew/homebrew-core/Aliases/fluidsynth",
    "tap_git_head": "4c8c09f6ffb3129a6b72046239885b9b93d2b6bb",
    "tap": "homebrew/core"
  },
  "arch": "x86_64",
  "built_on": {
    "os": "Macintosh",
    "os_version": "macOS 11.6",
    "cpu_family": "penryn",
    "xcode": "13.1",
    "clt": "13.1.0.0.1.1633545042",
    "preferred_perl": "5.30"
  }
}