<package version="0.0">
  <name>org.openxtalk.libfoo</name>
  <title>Human readable title for the library</title>
  <author>Firstname Lastname</author>
  <description>Description of the library and its functionality</description>
  <version>0.0.1</version>
  <license>community</license>
  <type>library</type>
  <requires name="com.livecode.objc"/>
  <requires name="com.livecode.engine"/>
  <metadata key="compatibility">9.0 - 9.6.3</metadata>
  <handler name="TestGetSharedColorPanel" parameters="" return="any"/>
</package>